time,hourly_sentiment_avg,hourly_sentiment_volatility,hourly_sentiment_momentum
2024-10-10 08:00:00,-2.12226386927775,1.2529205906244383,
2024-10-10 09:00:00,-1.5560442075673546,1.0003341605925145,0.5662196617103954
2024-10-10 10:00:00,-1.5974328922762102,0.5363566705225087,-0.041388684708855594
2024-10-10 11:00:00,-1.412987196381432,0.9451256013643046,0.18444569589477822
2024-10-10 12:00:00,-1.0176297405555217,0.4116668555961434,0.3953574558259103
2024-10-10 13:00:00,-1.4212988411177307,0.5669840825197143,-0.40366910056220906
2024-10-10 14:00:00,-0.8191259019626649,0.7623894072761852,0.6021729391550659
2024-10-10 15:00:00,-0.7709900296249483,1.0720731477748295,0.048135872337716545
2024-10-10 16:00:00,-1.2159188360216784,0.6863531932005285,-0.44492880639673005
2024-10-10 17:00:00,-1.173218011037425,0.7068872758302027,0.042700824984253316
2024-10-10 18:00:00,-1.0248268180297095,0.6762349265143258,0.14839119300771553
2024-10-10 19:00:00,-1.0157319280460724,0.5268278427015833,0.009094889983637167
2024-10-10 20:00:00,-1.2007446149860872,0.7803323017816488,-0.18501268694001483
2024-10-10 21:00:00,-1.42332358141683,0.8506364370705327,-0.2225789664307427
2024-10-10 22:00:00,-1.4515480184159215,0.6405596740870092,-0.028224436999091607
2024-10-10 23:00:00,-1.1647457856493608,0.8738599831668822,0.2868022327665607
2024-10-11 00:00:00,-0.775558087372282,0.6007770279493954,0.3891876982770788
2024-10-11 01:00:00,-1.0137717997270135,0.3630519018396469,-0.23821371235473143
2024-10-11 02:00:00,-1.0839654488629993,0.7646120820301626,-0.0701936491359858
2024-10-11 03:00:00,-1.2792234364619774,0.6741415009346436,-0.19525798759897817
2024-10-11 04:00:00,-0.8986532027537745,0.6484418325523561,0.380570233708203
2024-10-11 05:00:00,-0.6784742596928345,0.7774118310096222,0.22017894306094
2024-10-11 06:00:00,-0.45907222720538954,0.196763749513931,0.21940203248744494
2024-10-11 07:00:00,-0.6913271298937301,0.6516324538521236,-0.2322549026883406
2024-10-11 08:00:00,-0.9278380416501442,0.40147495542917727,-0.23651091175641403
2024-10-11 09:00:00,-0.6515892584117637,0.17331292020838812,0.2762487832383804
2024-10-11 10:00:00,-1.8493962276099676,1.4029231786310814,-1.1978069691982038
2024-10-11 11:00:00,-1.1800460397352486,0.7520389774415671,0.669350187874719
2024-10-11 12:00:00,-1.4637617351939827,0.9303448289200437,-0.2837156954587341
2024-10-11 13:00:00,-0.7102303187341803,0.6615367069288507,0.7535314164598024
2024-10-11 14:00:00,-1.1273196178136768,0.5343135352252255,-0.41708929907949654
2024-10-11 15:00:00,-0.732356846238717,0.40061333769977103,0.39496277157495985
2024-10-11 16:00:00,-0.5798189304133057,0.25883368628292497,0.15253791582541132
2024-10-11 17:00:00,-0.5805317337302918,0.44818385634455693,-0.0007128033169860881
2024-10-11 18:00:00,-0.5483325783263199,0.2361872309108876,0.03219915540397189
2024-10-11 19:00:00,-0.6014357317952754,0.53273323744289,-0.053103153468955555
2024-10-11 20:00:00,-0.8732377716681178,0.9766238353974955,-0.27180203987284235
2024-10-11 21:00:00,-1.1885320826415566,0.9771947444379742,-0.31529431097343885
2024-10-11 22:00:00,-0.8080456602727454,0.6689541208710561,0.38048642236881125
2024-10-11 23:00:00,-0.9695308008040303,0.5822784928531678,-0.16148514053128493
2024-10-12 00:00:00,-0.8620813942818468,0.5103145223996572,0.10744940652218349
2024-10-12 01:00:00,-0.7938205787583805,0.34056260681661477,0.0682608155234663
2024-10-12 02:00:00,-0.5395497750292576,0.2169280773873925,0.2542708037291229
2024-10-12 03:00:00,-0.8903966052551235,0.44672192703887054,-0.35084683022586594
2024-10-12 04:00:00,-1.0097860655614201,0.7336629853517114,-0.1193894603062966
2024-10-12 05:00:00,-0.7694165491938976,0.33292667428673073,0.24036951636752257
2024-10-12 06:00:00,-0.5467291364529138,0.45287539603136784,0.2226874127409838
2024-10-12 07:00:00,-0.8050059653322443,0.32625386996785927,-0.25827682887933057
2024-10-12 08:00:00,-0.6407694655955241,0.21062367709732224,0.16423649973672028
2024-10-12 09:00:00,-0.5284532700709982,0.15163979381237883,0.11231619552452587
2024-10-12 10:00:00,-1.058958339629651,0.43222497509070734,-0.5305050695586527
2024-10-12 11:00:00,-0.9462325839092476,0.7776747675490295,0.11272575572040333
2024-10-12 12:00:00,-0.7909282496532902,0.667360490970152,0.15530433425595735
2024-10-12 13:00:00,-0.9898990580062444,0.6944318288268407,-0.19897080835295422
2024-10-12 14:00:00,-0.5499785101247856,0.3386967179781319,0.43992054788145885
2024-10-12 15:00:00,-0.7864172795339103,0.2480364201916224,-0.23643876940912467
2024-10-12 16:00:00,-0.587518818906637,0.054758622881854915,0.19889846062727323
2024-10-12 17:00:00,-0.9685374212832061,0.48983841317670596,-0.38101860237656904
2024-10-12 18:00:00,-0.7033591054689997,0.41257701982029876,0.26517831581420637
2024-10-12 19:00:00,-0.7251564797665327,0.22963440974718768,-0.021797374297533034
2024-10-12 20:00:00,-1.4256585732978835,1.0647042918127478,-0.7005020935313507
2024-10-12 21:00:00,-1.0460843494318217,0.7135468546016234,0.37957422386606177
2024-10-12 22:00:00,-0.5921326699317403,0.2694025647614916,0.4539516795000814
2024-10-12 23:00:00,-0.6678200161711302,0.29467725829995506,-0.07568734623938989
2024-10-13 00:00:00,-0.9914566876119002,0.5866970265118223,-0.32363667144077
2024-10-13 01:00:00,-0.4817129869661377,0.19122874098654669,0.5097437006457626
2024-10-13 02:00:00,-0.8702118834547562,0.46851902926224487,-0.3884988964886185
2024-10-13 03:00:00,,,
2024-10-13 04:00:00,-1.3339542958526995,0.5250164105192239,
2024-10-13 05:00:00,,,
2024-10-13 06:00:00,-0.5000514471973905,0.29966734019389707,
2024-10-13 07:00:00,-0.624829081052985,0.2147871488019041,-0.12477763385559448
2024-10-13 08:00:00,-0.12580409778904741,,0.4990249832639375
2024-10-13 09:00:00,-1.2587451721217524,0.9185381180979272,-1.132941074332705
2024-10-13 10:00:00,-0.3794110461708325,0.29225297661725597,0.87933412595092
2024-10-13 11:00:00,-0.38920182029007244,,-0.009790774119239953
2024-10-13 12:00:00,-0.21696588752863166,,0.17223593276144078
2024-10-13 13:00:00,-0.39869715039884857,0.2478548333478109,-0.1817312628702169
2024-10-13 14:00:00,-0.7717925388936635,0.3668668584912109,-0.37309538849481494
2024-10-13 15:00:00,-0.22187225408940578,0.9616533071413069,0.5499202848042577
2024-10-13 16:00:00,-0.7890543937683105,,-0.5671821396789047
2024-10-13 17:00:00,-0.5078062279648791,0.5947117672028417,0.2812481658034315
2024-10-13 18:00:00,-0.6963714169978112,0.1736611632004895,-0.18856518903293218
2024-10-13 19:00:00,-0.7179067576544934,0.18738104266375283,-0.021535340656682167
2024-10-13 20:00:00,-0.5382912196706637,,0.17961553798382968
2024-10-13 21:00:00,,,
2024-10-13 22:00:00,-0.936104392018005,1.110405233270272,
2024-10-13 23:00:00,-0.8644618752763854,0.7669475954152201,0.07164251674161959
2024-10-14 00:00:00,-0.9484427382157176,0.7980941471501801,-0.08398086293933216
2024-10-14 01:00:00,-0.8371714934300554,0.6291887667173587,0.1112712447856622
2024-10-14 02:00:00,-0.6678894364913928,0.4034097070157387,0.1692820569386626
2024-10-14 03:00:00,-0.7553814911055476,0.6658368719373319,-0.08749205461415488
2024-10-14 04:00:00,-0.8541219577639125,0.3519698457834532,-0.09874046665836489
2024-10-14 05:00:00,-0.9094293225062847,0.48380557659083023,-0.05530736474237219
2024-10-14 06:00:00,-0.853290592245171,1.1589210830862973,0.05613873026111371
2024-10-14 07:00:00,-0.767441354279601,0.915535218158375,0.08584923796556998
2024-10-14 08:00:00,-0.9715290016579872,0.7387479966644884,-0.20408764737838614
2024-10-14 09:00:00,-0.8428020913236522,0.7492016669840023,0.12872691033433492
2024-10-14 10:00:00,-0.7135749087659269,0.60486482206095,0.12922718255772536
2024-10-14 11:00:00,-0.9016165005769768,0.5216859445245143,-0.18804159181104996
2024-10-14 12:00:00,-1.0576662552088891,0.8171140523837044,-0.15604975463191229
2024-10-14 13:00:00,-0.8561165670868781,0.5236287374802949,0.20154968812201102
2024-10-14 14:00:00,-0.880732706203736,0.5904425181339683,-0.024616139116857894
2024-10-14 15:00:00,-0.8348483858973528,0.7727819318157721,0.04588432030638323
2024-10-14 16:00:00,-0.7645667846261329,0.46280336108413284,0.07028160127121985
2024-10-14 17:00:00,-0.7661185643463756,0.5173135018982854,-0.0015517797202426742
2024-10-14 18:00:00,-0.7637202989141901,0.3368313701930564,0.0023982654321854646
2024-10-14 19:00:00,-0.6730939186531306,0.4362863344268598,0.09062638026105951
2024-10-14 20:00:00,-0.7684253440679252,0.3783355573461288,-0.09533142541479456
2024-10-14 21:00:00,-0.6250867528214183,0.31746253179839395,0.14333859124650683
2024-10-14 22:00:00,-0.6956581069113058,0.6589485392566958,-0.07057135408988746
2024-10-14 23:00:00,-0.5433532975348387,0.8099690219097351,0.15230480937646707
2024-10-15 00:00:00,-0.6033054023413676,0.8928492677070082,-0.059952104806528905
2024-10-15 01:00:00,-1.4453283877072542,1.098875100786477,-0.8420229853658866
2024-10-15 02:00:00,-0.7544285762177688,0.33397811466382954,0.6908998114894854
2024-10-15 03:00:00,-1.1943529567450735,0.47768408099816934,-0.43992438052730465
2024-10-15 04:00:00,-1.165839055750461,0.9773934252964182,0.028513900994612484
2024-10-15 05:00:00,-0.9598208479473413,0.6133603888389701,0.20601820780311964
2024-10-15 06:00:00,-0.30807647274853245,0.2530114293253348,0.6517443751988089
2024-10-15 07:00:00,-0.7450075719649302,0.12926318363070116,-0.4369310992163977
2024-10-15 08:00:00,-0.5322297479747709,0.5436843196027537,0.21277782399015932
2024-10-15 09:00:00,-1.6569361098927256,1.1935083499801373,-1.1247063619179547
2024-10-15 10:00:00,-0.8212847070581956,0.686138790056597,0.83565140283453
2024-10-15 11:00:00,-0.7814371810397011,0.5444407855268781,0.039847526018494506
2024-10-15 12:00:00,-0.7787119395396863,0.4030152003664108,0.002725241500014741
2024-10-15 13:00:00,-0.6003696203062965,0.590788360000701,0.17834231923338983
2024-10-15 14:00:00,-0.9752331984363622,0.6193786573988181,-0.37486357813006577
2024-10-15 15:00:00,-1.0584834505090428,0.6255167201649556,-0.08325025207268055
2024-10-15 16:00:00,-0.6473765691066333,0.7047088888961284,0.4111068814024095
2024-10-15 17:00:00,-0.9021943010627318,0.7629754538533422,-0.25481773195609847
2024-10-15 18:00:00,-1.8063299036742677,0.9780356327329508,-0.9041356026115359
2024-10-15 19:00:00,-0.8562386486403262,0.577696072649473,0.9500912550339415
2024-10-15 20:00:00,-0.8174403895439991,0.4540989047933863,0.03879825909632706
2024-10-15 21:00:00,-1.1036453603409562,0.550230468726527,-0.28620497079695706
2024-10-15 22:00:00,-0.5340467279980857,,0.5695986323428704
2024-10-15 23:00:00,-0.9689776777419719,0.3844544378147707,-0.43493094974388613
2024-10-16 00:00:00,-1.0729426762886891,0.47153624189881554,-0.10396499854671726
2024-10-16 01:00:00,-0.5971430246496924,0.5927539232273241,0.47579965163899673
2024-10-16 02:00:00,-0.7112865398616697,0.2859416811533712,-0.1141435152119773
2024-10-16 03:00:00,-0.464301803149948,0.17442751952489152,0.24698473671172166
2024-10-16 04:00:00,-0.5653415595637271,0.3062184279610126,-0.1010397564137791
2024-10-16 05:00:00,-0.41562009658559373,0.4115762321223655,0.14972146297813338
2024-10-16 06:00:00,-0.6982774802405034,,-0.28265738365490967
2024-10-16 07:00:00,-1.4573553567474515,1.9889084825453358,-0.7590778765069481
2024-10-16 08:00:00,-1.2961728086665192,1.0514938657470432,0.16118254808093235
2024-10-16 09:00:00,-1.2247617797532493,0.8301684674470772,0.07141102891326989
2024-10-16 10:00:00,-0.803072449544077,0.3761193634661689,0.4216893302091723
2024-10-16 11:00:00,-0.6810293840243261,0.2092238375460787,0.12204306551975086
2024-10-16 12:00:00,-1.2064771319504695,0.9068406112819014,-0.5254477479261433
2024-10-16 13:00:00,-0.942752114326254,0.5227106667754992,0.2637250176242154
2024-10-16 14:00:00,-0.806838526854494,0.7110590304772041,0.13591358747176008
2024-10-16 15:00:00,-0.6574895072905516,0.1760128580889494,0.14934901956394242
2024-10-16 16:00:00,-0.6249490071613152,0.47784106311262287,0.03254050012923637
2024-10-16 17:00:00,-1.3368485764375275,0.8014553712093802,-0.7118995692762123
2024-10-16 18:00:00,-0.9445918230754405,0.5598934562734443,0.392256753362087
2024-10-16 19:00:00,-0.5586442427918261,0.22612433365321366,0.3859475802836144
2024-10-16 20:00:00,-1.0055199878251018,0.4016947778257242,-0.44687574503327565
2024-10-16 21:00:00,-1.2598829302129722,0.5974064257410645,-0.2543629423878704
2024-10-16 22:00:00,-0.6891655384242488,0.18111224121799188,0.5707173917887234
