time,subreddit,keyword,weighted_sentiment_score,sentiment_momentum,sentiment_volatility
2024-09-26 20:22:00,XRP,"XRP, Ripple",-3.7359532603088756,,
2024-09-26 20:54:00,XRP,"XRP, Ripple",-2.01600786441248,1.7199453958963957,
2024-09-26 20:57:00,XRP,"XRP, Ripple",-1.1205589352986622,0.8954489291138177,
2024-09-26 21:06:00,XRP,"XRP, Ripple",-1.1864085944596314,-0.06584965916096919,
2024-09-26 21:09:00,XRP,"XRP, Ripple",-0.6294328259640095,0.5569757684956219,
2024-09-26 21:57:00,XRP,"XRP, Ripple",-1.4131312964719975,-0.783698470507988,
2024-09-26 22:10:00,XRP,"XRP, Ripple",-1.0580618662991461,0.3550694301728514,
2024-09-26 22:11:00,XRP,"XRP, Ripple",-0.7858675833471342,0.27219428295201187,
2024-09-26 23:24:00,XRP,"XRP, Ripple",-1.116167760503627,-0.33030017715649285,
2024-09-26 23:57:00,XRP,"XRP, Ripple",-0.5828367286382514,0.5333310318653757,
2024-09-27 00:42:00,XRP,"XRP, Ripple",0.3924754391073332,0.9753121677455846,
2024-09-27 00:44:00,XRP,"XRP, Ripple",-1.1688264369026584,-1.5613018760099915,
2024-09-27 00:46:00,XRP,"XRP, Ripple",-0.5895467878659733,0.5792796490366852,
2024-09-27 00:48:00,XRP,"XRP, Ripple",-0.5870926066228146,0.0024541812431586596,
2024-09-27 00:53:00,XRP,"XRP, Ripple",-0.5949565053468318,-0.00786389872401716,
2024-09-27 00:56:00,XRP,"XRP, Ripple",-1.4867615488609869,-0.8918050435141551,
2024-09-27 00:57:00,XRP,"XRP, Ripple",-0.9337760090145025,0.5529855398464844,
2024-09-27 00:58:00,XRP,"XRP, Ripple",-0.9357781987305028,-0.002002189716000302,
2024-09-27 02:02:00,XRP,"XRP, Ripple",-0.8729807126870412,0.06279748604346158,
2024-09-27 06:27:00,XRP,"XRP, Ripple",-1.0916946132554706,-0.21871390056842932,
2024-09-27 08:09:00,XRP,XRP,-0.9041677117347717,0.18752690152069884,
2024-09-27 08:23:00,XRP,XRP,-3.20405855677392,-2.2998908450391484,
2024-09-27 08:28:00,XRP,XRP,-1.3799030954220177,1.8241554613519024,
2024-09-27 08:30:00,XRP,XRP,-3.06670466023363,-1.6868015648116124,
2024-09-27 08:35:00,XRP,XRP,-3.469105071640284,-0.4024004114066537,
2024-09-27 08:38:00,XRP,XRP,-0.9733443356628751,2.4957607359774086,
2024-09-27 08:41:00,XRP,XRP,-0.8567306014912458,0.11661373417162935,
2024-09-27 08:45:00,XRP,XRP,-0.986153346990283,-0.1294227454990372,
2024-09-27 08:46:00,XRP,XRP,-1.2080049231394425,-0.2218515761491595,
2024-09-27 08:50:00,XRP,XRP,-1.6396399901657386,-0.43163506702629606,0.9263043109117512
2024-09-27 08:55:00,XRP,XRP,-1.8896004935718704,-0.24996050340613185,0.8138465506681691
2024-09-27 09:00:00,XRP,XRP,-0.9184921560424545,0.9711083375294159,0.802590544850805
2024-09-27 09:05:00,XRP,XRP,-1.405370645428452,-0.48687848938599754,0.8031977589941011
2024-09-27 09:08:00,XRP,XRP,-0.769909392951385,0.635461252477067,0.8073527670203098
2024-09-27 09:17:00,XRP,XRP,-0.5943374858261717,0.1755719071252133,0.8082392369688647
2024-09-27 09:18:00,XRP,XRP,-1.854362030126254,-1.2600245443000824,0.8161702333658483
2024-09-27 09:21:00,XRP,XRP,-2.3431055273246355,-0.4887434971983815,0.8408498479432189
2024-09-27 09:25:00,XRP,XRP,-0.9003664326006035,1.4427390947240322,0.8388784600682417
2024-09-27 09:26:00,XRP,XRP,-0.9141735265958317,-0.013807093995228281,0.8409172197058307
2024-09-27 09:30:00,XRP,XRP,-1.9314769799532256,-1.017303453357394,0.8396462938593521
2024-09-27 09:33:00,XRP,XRP,-0.9387399058711976,0.992737074082028,0.7800357691123011
2024-09-27 09:46:00,XRP,XRP,-1.58818224477792,-0.6494423389067223,0.7804906234995396
2024-09-27 09:56:00,XRP,XRP,-0.4766037516262714,1.1115784931516486,0.7846014379367166
2024-09-27 09:58:00,XRP,XRP,-0.2506938992427677,0.2259098523835037,0.798271661444582
2024-09-27 10:01:00,XRP,XRP,-0.9596019382741162,-0.7089080390313485,0.7891662276545277
2024-09-27 10:12:00,XRP,XRP,-0.5437200080147215,0.4158819302593947,0.8025344547978676
2024-09-27 10:14:00,XRP,XRP,-0.5971125177399201,-0.0533925097251986,0.8105321912936786
2024-09-27 10:25:00,XRP,XRP,-1.4413767501791714,-0.8442642324392513,0.8076162393662679
2024-09-27 11:21:00,XRP,XRP,-1.9359399431420012,-0.4945631929628298,0.8100823583927111
2024-09-27 11:50:00,XRP,XRP,-0.5721402464959621,1.3637996966460393,0.8216586627081098
2024-09-27 11:51:00,XRP,"XRP, Ripple",-1.1511000777318445,-0.5789598312358825,0.8182637644631013
2024-09-27 12:11:00,XRP,XRP,-0.5965851757415417,0.5545149019903028,0.7512239950859628
2024-09-27 12:30:00,XRP,XRP,-0.49416765570640564,0.10241752003513604,0.7641217200835317
2024-09-27 12:32:00,XRP,XRP,-0.6999721646285885,-0.20580450892218283,0.687604301243003
2024-09-27 12:37:00,XRP,XRP,-0.6162790279119467,0.0836931367166418,0.5389200324229098
2024-09-27 12:40:00,XRP,XRP,-1.1448962486440577,-0.528617220732111,0.5387884966383429
2024-09-27 12:44:00,XRP,XRP,-1.5975059595671923,-0.4526097109231346,0.5454234894413627
2024-09-27 12:46:00,XRP,XRP,-3.125458412285048,-1.5279524527178556,0.6583637917964061
2024-09-27 12:50:00,XRP,XRP,-0.6703248024288656,2.4551336098561825,0.6645817709835403
2024-09-27 12:54:00,XRP,XRP,-0.896642972644062,-0.2263181702151964,0.6596099458160257
2024-09-27 12:55:00,XRP,XRP,-0.9740207033230193,-0.07737773067895726,0.6441213280217151
2024-09-27 12:57:00,XRP,XRP,-0.5860029703124703,0.388017733010549,0.6501268175247495
2024-09-27 12:59:00,XRP,XRP,-0.5545835015289757,0.03141946878349455,0.654243491280079
2024-09-27 13:07:00,XRP,XRP,-1.7847821331019167,-1.230198631572941,0.6650195910614568
2024-09-27 13:21:00,XRP,XRP,-1.5450503961729551,0.23973173692896155,0.6631786195455095
2024-09-27 13:23:00,XRP,XRP,-1.6900474262147074,-0.14499703004175224,0.6575835551021657
2024-09-27 13:26:00,XRP,XRP,-0.6944894790649414,0.995557947149766,0.619394065790588
2024-09-27 13:30:00,XRP,XRP,-0.6845376358468571,0.009951843218084289,0.6225862118112491
2024-09-27 13:31:00,XRP,XRP,-1.5567907965584915,-0.8722531607116344,0.6285924298117047
2024-09-27 13:32:00,XRP,XRP,-0.9523661336031967,0.6044246629552948,0.6077500301273734
2024-09-27 13:42:00,XRP,XRP,-0.27827876806259155,0.6740873655406051,0.6234536550768042
2024-09-27 14:03:00,XRP,XRP,-0.9134083390235901,-0.6351295709609985,0.6144287578992047
2024-09-27 14:06:00,XRP,XRP,-0.8663470149040222,0.04706132411956787,0.6070680719854332
2024-09-27 14:17:00,XRP,"XRP, Ripple",-0.42353833146496983,0.4428086834390524,0.6003722437483114
2024-09-27 14:47:00,XRP,XRP,-1.7334714896921202,-1.3099331582271503,0.6142312303916697
2024-09-27 14:54:00,XRP,XRP,-1.7392115071124161,-0.005740017420295951,0.6194114117768521
2024-09-27 15:00:00,XRP,XRP,-0.8679221225331955,0.8712893845792207,0.614022759503598
2024-09-27 15:02:00,XRP,XRP,-2.9317692697049567,-2.063847147171761,0.6977706538873919
2024-09-27 15:03:00,XRP,XRP,-1.8644268052351198,1.0673424644698368,0.6950838728142219
2024-09-27 15:05:00,XRP,XRP,-1.1355990984890043,0.7288277067461155,0.6867677447842778
2024-09-27 15:10:00,XRP,XRP,-0.946336514652081,0.1892625838369233,0.6878654661487813
2024-09-27 15:12:00,XRP,XRP,-2.268781610477832,-1.322445095825751,0.7087283185997639
2024-09-27 15:16:00,XRP,XRP,-1.0709417804003754,1.1978398300774566,0.6964152905138573
2024-09-27 15:22:00,XRP,XRP,-0.9994420168626184,0.071499763537757,0.6907215818260893
2024-09-27 15:23:00,XRP,XRP,-1.6781527874667728,-0.6787107706041544,0.6849942837521237
2024-09-27 15:25:00,XRP,XRP,-2.1388370883365857,-0.46068430086981293,0.7024247682728857
2024-09-27 15:31:00,XRP,XRP,-0.412506089457837,1.7263309988787487,0.7185785924664452
2024-09-27 15:33:00,XRP,XRP,-0.5239204312929338,-0.11141434183509674,0.6390322061194137
2024-09-27 15:51:00,XRP,XRP,-1.0047912737274818,-0.48087084243454803,0.632730605590238
2024-09-27 16:22:00,XRP,XRP,-2.191251566896592,-1.1864602931691104,0.6557229478560148
2024-09-27 16:30:00,XRP,XRP,-0.3536284999120062,1.837623066984586,0.6737310660245582
2024-09-27 16:51:00,XRP,XRP,-1.3901590649855164,-1.0365305650735102,0.6638480403382128
2024-09-27 17:07:00,XRP,XRP,-1.7657415615309633,-0.37558249654544684,0.6575350507111094
2024-09-27 17:09:00,XRP,"XRP, Ripple",-0.6251735654240826,1.1405679961068806,0.6609265210663758
2024-09-27 17:11:00,XRP,XRP,-0.07226396627297606,0.5529095991511066,0.6915935426242914
2024-09-27 17:15:00,XRP,XRP,-0.6621337518969249,-0.5898697856239489,0.6915550302650683
2024-09-27 17:17:00,XRP,XRP,-0.7377409674015181,-0.07560721550459315,0.6905993848806088
2024-09-27 17:20:00,XRP,XRP,-1.1710383074265756,-0.4332973400250575,0.6847452907840781
2024-09-27 17:33:00,XRP,XRP,-0.9813430102380137,0.18969529718856182,0.6817600045010156
2024-09-27 17:57:00,XRP,XRP,-0.8830233547463254,0.09831965549168831,0.682593646437616
2024-09-27 17:58:00,XRP,XRP,-0.6386811764023951,0.24434217834393035,0.6696925704968312
2024-09-27 18:02:00,XRP,XRP,-0.8494202778545751,-0.21073910145218,0.6706273216080476
2024-09-27 18:07:00,XRP,XRP,-0.9489312545623543,-0.0995109767077792,0.6695309023278503
2024-09-27 18:16:00,XRP,XRP,0.6680751340945768,1.617006388656931,0.7375386622056466
2024-09-27 18:44:00,XRP,XRP,-0.7490166451352668,-1.4170917792298434,0.7316683565259752
2024-09-27 19:15:00,XRP,XRP,-1.2266694019675624,-0.4776527568322956,0.7220961979854129
2024-09-27 19:24:00,XRP,XRP,-1.919352073456244,-0.6926826714886816,0.7367785785990643
2024-09-27 19:33:00,XRP,XRP,-0.9960252764452496,0.9233267970109943,0.6521583885064941
2024-09-27 19:34:00,XRP,XRP,-0.4747750408165058,0.5212502356287438,0.641675591022364
2024-09-27 19:38:00,XRP,XRP,-1.763873103923701,-1.289098063107195,0.6561763440899667
2024-09-27 19:42:00,XRP,XRP,-1.4835747659028813,0.2802983380208197,0.6612425528944589
2024-09-27 19:44:00,XRP,XRP,-0.9001124918719715,0.5834622740309098,0.619720549490751
2024-09-27 20:29:00,XRP,XRP,-1.005843641300933,-0.10573114942896156,0.6195708269207885
2024-09-27 20:30:00,XRP,XRP,-0.6010026358755609,0.40484100542537216,0.6237504533294659
2024-09-27 20:53:00,XRP,XRP,-0.9677738708931767,-0.36677123501761577,0.6097658337754833
2024-09-27 20:57:00,XRP,XRP,-1.4340284181597016,-0.46625454726652493,0.5753475585502776
2024-09-27 21:17:00,XRP,XRP,-0.45842190268471583,0.9756065154749858,0.5739676784365251
2024-09-27 21:23:00,XRP,XRP,-0.48775577050740476,-0.02933386782268893,0.5749025097899503
2024-09-27 21:24:00,XRP,XRP,-0.9740592724537991,-0.4863035019463943,0.5748027993522784
2024-09-27 21:25:00,XRP,XRP,-0.9917703613691682,-0.0177110889153691,0.5238526114612547
2024-09-27 21:30:00,XRP,XRP,-0.7009250644437126,0.2908452969254556,0.5152467258126029
2024-09-27 21:39:00,XRP,XRP,-0.21218200650902647,0.48874305793468614,0.5219526170037366
2024-09-27 21:42:00,XRP,XRP,-1.3773388896764818,-1.1651568831674552,0.5033816974429214
2024-09-27 21:44:00,XRP,XRP,-0.41069957232168414,0.9666393173547976,0.508246125173571
2024-09-27 21:51:00,XRP,XRP,-1.1909125807585936,-0.7802130084369094,0.49015585748860213
2024-09-27 21:53:00,XRP,XRP,-0.8087625205970614,0.3821500601615322,0.48859222058886415
2024-09-27 22:13:00,XRP,XRP,-0.5784695899202479,0.23029293067681356,0.49115369961598315
2024-09-27 22:16:00,XRP,XRP,-1.219275763512808,-0.6408061735925601,0.49220388970260964
2024-09-27 22:35:00,XRP,XRP,-0.8062166305536164,0.4130591329591916,0.4920668615968439
2024-09-27 22:55:00,XRP,XRP,-0.9236038427774891,-0.11738721222387272,0.49213210288959347
2024-09-27 23:02:00,XRP,XRP,-1.3665427359356452,-0.44293889315815616,0.49768194538892985
2024-09-27 23:25:00,XRP,XRP,-0.409288452183024,0.9572542837526212,0.5058072275719623
2024-09-27 23:32:00,XRP,XRP,0.35259476667465134,0.7618832188576754,0.5541427219401682
2024-09-27 23:34:00,XRP,XRP,-0.868453938484695,-1.2210487051593464,0.4745481334978501
2024-09-27 23:41:00,XRP,XRP,-1.2589347407744385,-0.39048080228974347,0.4781289768697331
2024-09-27 23:49:00,XRP,XRP,-0.5872261773436511,0.6717085634307873,0.4780304217552394
2024-09-27 23:50:00,XRP,XRP,-0.5353491354845228,0.05187704185912834,0.4410308933613134
2024-09-28 00:00:00,XRP,XRP,-0.612300082974636,-0.07695094749011322,0.4421534082230072
2024-09-28 00:17:00,XRP,XRP,-0.4949102589042312,0.11738982407040482,0.4416023222412776
2024-09-28 00:48:00,XRP,XRP,-1.1108858296727988,-0.6159755707685677,0.409189120359729
2024-09-28 01:03:00,XRP,XRP,-0.6460322055105238,0.46485362416227505,0.3900646005244933
2024-09-28 01:13:00,XRP,XRP,-0.9897022963635846,-0.3436700908530609,0.39130762573520894
2024-09-28 01:32:00,XRP,XRP,0.11695927692401696,1.1066615732876015,0.42233753720770295
2024-09-28 01:42:00,XRP,XRP,-0.9788025239589196,-1.0957618008829366,0.4233182458427791
2024-09-28 01:46:00,XRP,XRP,-1.0306419280430148,-0.05183940408409515,0.4245138299718914
2024-09-28 02:21:00,XRP,XRP,-0.7326359620434187,0.29800596599959606,0.40536285705126784
2024-09-28 04:05:00,XRP,XRP,-0.5835066892967993,0.14912927274661947,0.4029701358829946
2024-09-28 05:02:00,XRP,XRP,-0.5671590873470669,0.016347601949732393,0.40146488696453725
2024-09-28 05:13:00,XRP,XRP,-0.6077503741931074,-0.04059128684604052,0.399979949390787
2024-09-28 05:19:00,XRP,XRP,-1.1310665353459375,-0.5233161611528301,0.40382123440164985
2024-09-28 05:24:00,XRP,XRP,-0.3902553061578766,0.7408112291880609,0.40887160266102035
2024-09-28 07:59:00,XRP,XRP,0.699854296317207,1.0901096024750836,0.4770720029942867
2024-09-28 09:02:00,XRP,XRP,-1.3376168746262262,-2.037471170943433,0.47518320224614224
2024-09-28 09:05:00,XRP,XRP,-0.6155233829850649,0.7220934916411613,0.4723423891221444
2024-09-28 12:35:00,XRP,XRP,-0.9587450356503727,-0.3432216526653078,0.46600123972678537
2024-09-28 13:04:00,XRP,XRP,-0.6173171859921138,0.3414278496582589,0.46576192243761316
2024-09-28 15:20:00,XRP,XRP,-0.5987711826732404,0.01854600331887346,0.4656045613330863
2024-09-28 16:51:00,XRP,XRP,-1.2663631402815247,-0.6675919576082844,0.46751307731303643
2024-09-28 17:31:00,XRP,XRP,-0.5833007350612998,0.683062405220225,0.46745935052532944
2024-09-28 18:51:00,XRP,"XRP, Ripple",-0.6016221924885101,-0.018321457427210364,0.46555050828403016
2024-09-28 19:17:00,XRP,XRP,-0.98571985353398,-0.38409766104546983,0.45106840418535693
2024-09-28 21:26:00,XRP,"XRP, Ripple",-0.2997958265585646,0.6859240269754153,0.45363900217825315
2024-09-28 22:55:00,XRP,XRP,-0.5890200655894668,-0.2892242390309022,0.4117532046069872
2024-09-29 00:03:00,XRP,XRP,-0.9136171226837159,-0.324597057094249,0.41250215032611176
2024-09-29 00:39:00,XRP,XRP,-0.9087032582646165,0.004913864419099356,0.40073872975279534
2024-09-29 02:04:00,XRP,XRP,0.25312504748967946,1.161828305754296,0.43545271315402834
2024-09-29 03:45:00,XRP,XRP,-2.652289218113927,-2.9054142656036066,0.5671785012950481
2024-09-29 04:00:00,Ripple,"XRP, Ripple",-1.705548975299573,0.9467402428143541,0.5942002762219921
2024-09-29 04:00:00,XRP,"XRP, Ripple",-1.9258207416196087,-0.22027176632003576,0.6285492312520523
2024-09-29 04:27:00,XRP,XRP,0.09222122493736074,2.0180419665569693,0.6467165148568044
2024-09-29 04:36:00,XRP,XRP,-1.6932629312558982,-1.785484156193259,0.6677973381452288
2024-09-29 05:02:00,XRP,XRP,-0.955720076403557,0.7375428548523412,0.6674992065127541
2024-09-29 07:03:00,cryptocurrency,Ripple,0.8106281757354736,1.7663482521390308,0.7110345547592063
2024-09-29 07:22:00,XRP,XRP,-0.6326702582814759,-1.4432984340169495,0.7104913626021422
2024-09-29 07:28:00,XRP,"XRP, Ripple",-0.594976212502365,0.03769404577911095,0.7093814760222191
2024-09-29 07:39:00,XRP,XRP,-0.5838491889181215,0.011127023584243445,0.7100492678261092
2024-09-29 07:57:00,XRP,XRP,-1.0775053313267309,-0.49365614240860933,0.7118255562536447
2024-09-29 08:03:00,cryptocurrency,Ripple,-0.5514711586728053,0.5260341726539256,0.7119813540661857
2024-09-29 08:24:00,XRP,XRP,-0.6011398836128387,-0.04966872494003338,0.7120324264448583
2024-09-29 09:07:00,XRP,XRP,-0.6252731753863273,-0.024133291773488663,0.7090196081907074
2024-09-29 09:43:00,XRP,XRP,-0.7626460199098899,-0.13737284452356258,0.7058110799933106
2024-09-29 11:38:00,XRP,XRP,-0.8111555747300818,-0.048509554820191925,0.6497748491473287
2024-09-29 12:09:00,XRP,XRP,-1.4170622427708233,-0.6059066680407414,0.6521577575700593
2024-09-29 12:48:00,XRP,XRP,-0.613414962622571,0.8036472801482523,0.6521798224967308
2024-09-29 14:22:00,XRP,XRP,-3.8661943137679704,-3.2527793511453993,0.8581760085756976
2024-09-29 14:32:00,XRP,XRP,-0.9183260768005523,2.947868236967418,0.8564026205529004
2024-09-29 14:33:00,XRP,XRP,-1.729178025551681,-0.8108519487511288,0.8666202230925999
2024-09-29 14:34:00,XRP,XRP,-2.0149801822815907,-0.2858021567299096,0.8863882484531564
2024-09-29 14:35:00,XRP,XRP,-1.2937222658994658,0.7212579163821249,0.8848593709891778
2024-09-29 14:44:00,XRP,XRP,-0.7146306607263624,0.5790916051731034,0.8833193885304101
2024-09-29 14:51:00,XRP,XRP,-0.9741802250887707,-0.2595495643624083,0.883332564210428
2024-09-29 14:54:00,XRP,XRP,2.9033944630946147,3.8775746881833855,1.1309120532821926
2024-09-29 15:08:00,XRP,XRP,-2.356286320932256,-5.259680784026871,1.1596961735881475
2024-09-29 15:11:00,XRP,XRP,-0.5759172447325461,1.78036907619971,1.1618104073926403
2024-09-29 15:12:00,XRP,XRP,-0.4999909867005795,0.07592625803196662,1.164702713418317
2024-09-29 15:19:00,XRP,XRP,-1.0067469874080421,-0.5067560007074626,1.1428466974302154
2024-09-29 15:22:00,XRP,XRP,-0.15130869726234117,0.8554382901457009,1.1071837896864913
2024-09-29 15:23:00,XRP,XRP,-0.953622478837733,-0.8023137815753918,1.096660435434967
2024-09-29 15:30:00,XRP,XRP,-0.30246317532799427,0.6511593035097387,1.0827199938216658
2024-09-29 15:33:00,XRP,XRP,-2.235788814651617,-1.933325639323623,1.098710873686505
2024-09-29 15:45:00,XRP,XRP,-1.3702827686980237,0.8655060459535935,1.092164988822749
2024-09-29 15:46:00,XRP,XRP,-0.592875024837563,0.7774077438604606,1.0933352206080442
2024-09-29 15:49:00,XRP,XRP,-0.6114406113675953,-0.018565586530032263,1.0478173552015868
2024-09-29 15:53:00,XRP,XRP,-0.8818761902162697,-0.2704355788486744,1.0464654499470478
2024-09-29 16:21:00,XRP,XRP,-0.6016687955732932,0.2802073946429765,1.046393123501907
2024-09-29 16:28:00,XRP,XRP,-1.6236670637225485,-1.0219982681492552,1.0518628076481678
2024-09-29 16:35:00,XRP,XRP,-0.5796906072674805,1.0439764564550682,1.0538869840762584
2024-09-29 17:02:00,XRP,XRP,-1.766413148976257,-1.1867225417087766,1.061580395330138
2024-09-29 17:03:00,XRP,XRP,-0.8758224521920539,0.890590696784203,1.0593380798588647
2024-09-29 17:19:00,XRP,XRP,-0.9702896938052151,-0.09446724161316122,1.0570661802782972
2024-09-29 17:24:00,XRP,XRP,-2.067328486133902,-1.0970387923286866,1.0734372400631962
2024-09-29 17:44:00,XRP,XRP,-1.2279988432863722,0.8393296428475296,1.0729488049160625
2024-09-29 17:52:00,XRP,XRP,-0.8797707557678223,0.34822808751854994,1.071317864097825
2024-09-29 18:32:00,XRP,XRP,-0.610013020062991,0.2697577357048313,1.0713653103326797
2024-09-29 18:33:00,XRP,XRP,-1.2392511346723192,-0.6292381146093282,0.9309856191295653
2024-09-29 18:36:00,XRP,XRP,-1.5018531661088117,-0.2626020314364925,0.9362220396119308
2024-09-29 18:40:00,XRP,XRP,-0.5994758064418353,0.9023773596669764,0.9275983959380081
2024-09-29 18:48:00,XRP,XRP,-1.73042261152208,-1.1309468050802447,0.917619768058096
2024-09-29 19:32:00,XRP,XRP,-0.5873181027546814,1.1431045087673986,0.9170201690165138
2024-09-29 19:36:00,XRP,XRP,-1.6421741526183593,-1.0548560498636779,0.9259328350861653
2024-09-29 19:51:00,XRP,XRP,-0.4611762587627912,1.180997893855568,0.9299524873579464
2024-09-29 19:54:00,XRP,XRP,-0.9491000681772106,-0.4879238094144194,0.5862632526067714
2024-09-29 19:55:00,XRP,XRP,-0.962427045250745,-0.013326977073534363,0.5317343066718859
2024-09-29 19:57:00,XRP,XRP,-0.717107892036438,0.24531915321430697,0.5284482653437818
2024-09-29 20:01:00,XRP,XRP,-0.47530502696153865,0.24180286507489934,0.5292829597887649
2024-09-29 20:07:00,XRP,XRP,-0.8816355053341658,-0.40633047837262715,0.5297680988667622
2024-09-29 20:23:00,XRP,XRP,-0.6257197882821649,0.2559157170520009,0.5102302314647852
2024-09-29 20:56:00,XRP,XRP,-0.473182737827301,0.15253705045486388,0.5197541173203087
2024-09-29 20:59:00,XRP,XRP,-3.329897666370477,-2.856714928543176,0.6555269551376596
2024-09-29 21:01:00,XRP,XRP,-1.1655047276681216,2.1643929387023553,0.6198694861893006
2024-09-29 21:25:00,XRP,XRP,-1.7922580880885999,-0.6267533604204782,0.6316713616502401
2024-09-29 21:28:00,XRP,XRP,-0.940490901231511,0.8517671868570889,0.6255720549845254
2024-09-29 21:41:00,XRP,XRP,-0.8649076501326205,0.07558325109889052,0.620544528937242
2024-09-29 21:45:00,XRP,XRP,-1.395139269640688,-0.5302316195080674,0.6213757032959644
2024-09-29 21:58:00,XRP,XRP,-2.852268746750733,-1.457129477110045,0.6890729377573818
2024-09-29 22:04:00,XRP,XRP,-0.8136766395788596,2.038592107171873,0.687480092905676
2024-09-29 22:09:00,XRP,XRP,-0.8006996512413025,0.012976988337557116,0.6821449438246445
2024-09-29 22:12:00,XRP,XRP,-0.568053263378946,0.23264638786235647,0.6813012877231688
2024-09-29 22:22:00,XRP,XRP,-0.832921857416136,-0.26486859403719,0.6819052041759566
2024-09-29 22:31:00,XRP,XRP,-0.536452612250011,0.29646924516612505,0.6900030748716895
2024-09-29 23:18:00,XRP,XRP,-0.8722628291883328,-0.3358102169383218,0.6674001826570334
2024-09-29 23:20:00,XRP,XRP,-2.6183596419150073,-1.7460968127266745,0.7240715249448229
2024-09-29 23:22:00,XRP,XRP,-0.638909907293471,1.9794497346215363,0.7281961524869364
2024-09-29 23:37:00,XRP,XRP,-0.9722558872896622,-0.3333459799961912,0.7224988756391867
2024-09-29 23:41:00,XRP,XRP,-0.5747675780301897,0.3974883092594724,0.7291259464363763
2024-09-29 23:42:00,XRP,XRP,-2.401282924567857,-1.8265153465376673,0.763645146629639
2024-09-29 23:43:00,XRP,XRP,-0.7325916304618603,1.6686912941059968,0.7608025669078713
2024-09-29 23:44:00,XRP,XRP,-0.9864191400324482,-0.253827509570588,0.7529881370936796
2024-09-30 00:08:00,XRP,XRP,-0.48848622197788616,0.4979329180545621,0.7555902612750656
2024-09-30 00:09:00,XRP,XRP,-0.6102458702277404,-0.12175964824985419,0.754118194272255
2024-09-30 00:10:00,XRP,"XRP, Ripple",-0.6135477483623696,-0.0033018781346292325,0.7503256694593204
2024-09-30 00:34:00,XRP,XRP,-1.8961456916870418,-1.2825979433246721,0.7642961631041469
2024-09-30 02:05:00,XRP,XRP,-0.1429854528881277,1.7531602387989142,0.7842969228888412
2024-09-30 02:14:00,XRP,XRP,-2.992504765548259,-2.849519312660131,0.8541894154120158
2024-09-30 02:28:00,XRP,XRP,-0.6316931634631078,2.360811602085151,0.8503164965456796
2024-09-30 02:31:00,XRP,XRP,-0.990993281785188,-0.3593001183220802,0.8492795303292093
2024-09-30 02:34:00,XRP,XRP,-0.951916989854438,0.03907629193075002,0.8441192189795294
2024-09-30 02:36:00,XRP,XRP,0.38034427733490966,1.3322612671893477,0.8823749179121992
2024-09-30 02:40:00,XRP,XRP,-1.0190696445210505,-1.3994139218559603,0.7809318328259466
2024-09-30 02:43:00,XRP,XRP,-1.7041822047223527,-0.6851125602013022,0.7891811780527549
2024-09-30 03:54:00,XRP,XRP,-1.0491681983114558,0.6550140064108969,0.778131748598683
2024-09-30 04:11:00,XRP,XRP,-0.47350787484719636,0.5756603234642594,0.7854565545247381
2024-09-30 05:16:00,XRP,XRP,-0.8381803035736084,-0.36467242872641203,0.785694532622451
2024-09-30 05:28:00,XRP,XRP,-0.056927046943666515,0.7812532566299419,0.8034429817949974
2024-09-30 07:10:00,XRP,XRP,-0.5432994647523043,-0.48637241780863777,0.7278495449668426
2024-09-30 08:51:00,XRP,XRP,-0.43421143488075314,0.10908802987155114,0.73326053820224
2024-09-30 08:51:00,cryptocurrency,XRP,-0.7286546230316162,-0.29444318815086307,0.7337815863852302
2024-09-30 09:00:00,cryptocurrency,XRP,-0.5954643880784257,0.1331902349531905,0.7333486191289337
2024-09-30 09:10:00,cryptocurrency,XRP,-0.7124029397964478,-0.11693855171802203,0.7341617358184008
2024-09-30 09:29:00,cryptocurrency,XRP,-1.0739628457199035,-0.36155990592345577,0.731177395868612
2024-09-30 10:24:00,XRP,XRP,-0.5720431980507888,0.5019196476691147,0.7340738543558613
2024-09-30 10:25:00,cryptocurrency,XRP,-0.8176989685540303,-0.2456557705032415,0.6605298845751045
2024-09-30 10:27:00,cryptocurrency,XRP,-0.5855107045720536,0.23218826398197678,0.6612236702059353
2024-09-30 10:59:00,cryptocurrency,XRP,-0.875175952911377,-0.2896652483393234,0.6608944713007088
2024-09-30 11:18:00,cryptocurrency,XRP,-0.856406033039093,0.018769919872283936,0.6587426411238104
2024-09-30 11:45:00,XRP,XRP,-0.6241011160669918,0.2323049169721012,0.5925443302073743
2024-09-30 12:27:00,cryptocurrency,XRP,-0.6108404727066391,0.013260643360352709,0.5934894070975075
2024-09-30 12:38:00,cryptocurrency,XRP,-0.5976980924606323,0.01314238024600678,0.5935942559969611
2024-09-30 13:11:00,XRP,XRP,-0.4849475274585261,0.11275056500210623,0.593656631659224
2024-09-30 18:32:00,XRP,XRP,0.08581551112103462,0.5707630385795607,0.614176058548727
2024-09-30 18:49:00,XRP,XRP,-0.606932217377541,-0.6927477284985756,0.6142342036458477
2024-09-30 20:14:00,XRP,XRP,-0.5891714429854289,0.0177607743921121,0.5765566290160169
2024-09-30 20:59:00,XRP,XRP,-0.6412007298511401,-0.05202928686571118,0.5663553535302848
2024-09-30 21:18:00,XRP,"XRP, Ripple",-3.7208261813748718,-3.079625451523732,0.6720083434769576
2024-09-30 21:21:00,XRP,XRP,-0.6009628497313712,3.1198633316435007,0.6722403559323442
2024-09-30 21:29:00,XRP,"XRP, Ripple",-0.803819329684294,-0.20285647995292289,0.670918425931947
2024-09-30 21:50:00,XRP,"XRP, Ripple",-2.353827526295924,-1.5500081966116301,0.7311046066148081
2024-09-30 22:22:00,XRP,"XRP, Ripple",-1.4378183205520247,0.9160092057438993,0.7044612401427208
2024-09-30 22:32:00,XRP,"XRP, Ripple",-1.2542864190229506,0.18353190152907417,0.7075480184163653
2024-09-30 22:41:00,XRP,"XRP, Ripple",-1.6234921831054168,-0.3692057640824662,0.7044216039143805
2024-09-30 22:42:00,XRP,"XRP, Ripple",-2.002283689714019,-0.3787915066086023,0.7337021682168962
2024-09-30 22:55:00,XRP,"XRP, Ripple",0.6731915991855504,2.6754752888995696,0.7848288620637335
2024-09-30 22:56:00,XRP,"XRP, Ripple",-0.7096298336982727,-1.382821432883823,0.7853185316626944
2024-09-30 22:58:00,XRP,XRP,-0.5793263760658427,0.13030345763243,0.7726213114019232
2024-09-30 23:05:00,XRP,"XRP, Ripple",-0.7001050710678101,-0.12077869500196736,0.7708219594790287
2024-09-30 23:09:00,XRP,XRP,-0.6108117589265644,0.0892933121412457,0.7679602566323379
2024-09-30 23:14:00,XRP,"XRP, Ripple",-0.7508982419967651,-0.14008648307020077,0.767812815527251
2024-09-30 23:37:00,XRP,"XRP, Ripple",-2.0299439209712786,-1.2790456789745135,0.7932284743655286
2024-09-30 23:38:00,XRP,"XRP, Ripple",-1.1691682754873172,0.8607756454839615,0.7931808634685555
2024-09-30 23:49:00,XRP,"XRP, Ripple",-1.4679460941425027,-0.2987778186551855,0.7985340141458289
2024-09-30 23:55:00,XRP,"XRP, Ripple",-1.066505150152732,0.4014409439897706,0.7952626623667574
2024-10-01 00:18:00,XRP,XRP,-0.8813849852181227,0.18512016493460937,0.7948982611786836
2024-10-01 00:19:00,XRP,"XRP, Ripple",-0.4562360196973915,0.42514896552073117,0.7974709824636891
2024-10-01 00:48:00,XRP,"XRP, Ripple",-1.3507615835286668,-0.8945255638312752,0.8000746611007975
2024-10-01 00:49:00,XRP,"XRP, Ripple",-1.266999174646479,0.08376240888218778,0.8011495556514084
2024-10-01 01:07:00,XRP,XRP,-0.28050091001463584,0.9864982646318432,0.8092388222299078
2024-10-01 01:51:00,XRP,"XRP, Ripple",-1.0726181351351967,-0.7921172251205608,0.8060393667227134
2024-10-01 02:01:00,XRP,Ripple,-0.866424560546875,0.20619357458832166,0.802766400152242
2024-10-01 02:16:00,XRP,XRP,-0.807021998532328,0.05940256201454697,0.797491283143496
2024-10-01 02:17:00,XRP,XRP,-0.5643096888086647,0.2427123097236633,0.774589917501229
2024-10-01 02:24:00,XRP,"XRP, Ripple",-1.248921062564059,-0.6846113737553943,0.770697857559787
2024-10-01 02:49:00,XRP,XRP,-1.91705893521067,-0.668137872646611,0.7799415024021611
2024-10-01 03:03:00,XRP,XRP,-1.2721648839369768,0.6448940512736931,0.7751127017342639
2024-10-01 03:09:00,XRP,XRP,-1.5431371029413001,-0.27097221900432333,0.6092939114610808
2024-10-01 03:10:00,XRP,XRP,-0.5928548632193236,0.9502822397219766,0.6095096003782559
2024-10-01 03:10:00,cryptocurrency,XRP,-0.5997441460124611,-0.006889282793137497,0.613671608330127
2024-10-01 03:14:00,XRP,XRP,-2.1122049581702287,-1.5124608121577676,0.5974786146207093
2024-10-01 03:20:00,XRP,XRP,-1.1977538144492466,0.9144511437209821,0.5937295736577888
2024-10-01 04:23:00,XRP,"XRP, Ripple",-0.3518270139046837,0.8459268005445628,0.6054563123550946
2024-10-01 06:08:00,XRP,"XRP, Ripple",-1.385600568500703,-1.0337735545960192,0.5987183015626231
2024-10-01 06:16:00,XRP,XRP,-1.763492241255433,-0.3778916727547301,0.5864790401144814
2024-10-01 06:36:00,XRP,"XRP, Ripple",0.21057327711932805,1.974065518374761,0.5456833680964756
2024-10-01 06:43:00,XRP,"XRP, Ripple",-1.0839882850784055,-1.2945615621977336,0.5427676645221575
2024-10-01 08:02:00,XRP,"XRP, Ripple",-0.28876384765210794,0.7952244374262976,0.5534990348112284
2024-10-01 08:10:00,XRP,XRP,-0.6016687955732932,-0.3129049479211853,0.5557253192021805
2024-10-01 08:10:00,XRP,"XRP, Ripple",-1.2499197706451548,-0.6482509750718616,0.5520133277927973
2024-10-01 08:13:00,XRP,XRP,-0.898112397592618,0.35180737305253684,0.550057940592433
2024-10-01 08:24:00,XRP,XRP,0.03731609240625549,0.9354284899988734,0.5511515541466449
2024-10-01 08:34:00,XRP,XRP,-0.8425538539886475,-0.8798699463949029,0.5503131388683142
2024-10-01 08:41:00,XRP,XRP,-0.038060763614760594,0.8044930903738868,0.5664359914744417
2024-10-01 09:00:00,XRP,"XRP, Ripple",-1.058194018811005,-1.0201332551962445,0.5663597231209199
2024-10-01 09:16:00,XRP,XRP,-0.9502856269425228,0.10790839186848222,0.5663731777329324
2024-10-01 09:26:00,XRP,"XRP, Ripple",-4.610869659189401,-3.660584032246878,0.8746697645322099
2024-10-01 09:38:00,XRP,XRP,-1.1795443250943074,3.4313253340950935,0.873212283026982
2024-10-01 09:54:00,XRP,"XRP, Ripple",-2.0797438331196485,-0.9001995080253411,0.8926781301563493
2024-10-01 10:15:00,XRP,XRP,-0.89109867811203,1.1886451550076185,0.8808531706018464
2024-10-01 10:39:00,XRP,XRP,-1.2603128160213963,-0.3692141379093663,0.8813624795247508
2024-10-01 10:51:00,XRP,XRP,-1.6011893945360023,-0.34087657851460595,0.8848427259671814
2024-10-01 10:55:00,XRP,"XRP, Ripple",-1.9373898238732232,-0.33620042933722094,0.8948568291071213
2024-10-01 11:05:00,XRP,XRP,-0.052283868610776114,1.8851059552624472,0.911388298317487
2024-10-01 11:10:00,XRP,XRP,-0.7234829068183899,-0.6711990382076137,0.9143734349163507
2024-10-01 11:12:00,XRP,"XRP, Ripple",-2.967764593415849,-2.2442816865974593,0.9643995149284063
2024-10-01 11:18:00,XRP,"XRP, Ripple",-2.1191126999808856,0.8486518934349636,0.9799801082289412
2024-10-01 11:21:00,XRP,XRP,-1.7050258785064434,0.4140868214744422,0.9824281099616324
2024-10-01 11:35:00,XRP,"XRP, Ripple",-0.9066175222396851,0.7984083562667583,0.9774376872209646
2024-10-01 11:37:00,XRP,"XRP, Ripple",-1.727532593906596,-0.8209150716669109,0.9749631759550251
2024-10-01 11:38:00,XRP,Ripple,-0.9479586445462713,0.7795739493603246,0.962324807725846
2024-10-01 12:05:00,XRP,"XRP, Ripple",0.3433055902743524,1.2912642348206238,1.0030354689029886
2024-10-01 12:14:00,XRP,"XRP, Ripple",-1.9633185460771598,-2.306624136351512,1.0017239059027951
2024-10-01 12:19:00,XRP,XRP,-1.1465602431854782,0.8167583028916816,1.0012138118765026
2024-10-01 12:27:00,XRP,"XRP, Ripple",-0.6312183738794848,0.5153418693059935,1.0005855805250436
2024-10-01 12:48:00,XRP,XRP,-0.6269584057305656,0.004259968148919158,0.9722400107240904
2024-10-01 12:58:00,XRP,XRP,-1.076913750828028,-0.4499553450974624,0.972267542724649
2024-10-01 13:08:00,XRP,XRP,-3.432308122451593,-2.355394371623565,1.0388946405554413
2024-10-01 13:12:00,XRP,XRP,-2.137768707719478,1.2945394147321148,1.0414037435612347
2024-10-01 13:13:00,XRP,XRP,-1.4073392601487507,0.7304294475707274,1.0412992631555735
2024-10-01 13:15:00,XRP,XRP,-2.9007536010008144,-1.4934143408520637,1.074894957309283
2024-10-01 13:19:00,XRP,XRP,-0.6225158262033299,2.2782377747974847,1.050563818303763
2024-10-01 13:21:00,XRP,XRP,-0.5677497649207756,0.054766061282554346,1.0571306675231824
2024-10-01 13:22:00,XRP,XRP,-0.540100088615323,0.027649676305452564,1.0381244460012602
2024-10-01 13:23:00,XRP,XRP,0.987712605038885,1.527812693654208,1.127906777312905
2024-10-01 13:32:00,XRP,XRP,-0.03326939261080322,-1.0209819976496883,1.1521041895998854
2024-10-01 13:33:00,XRP,XRP,-0.0693461512002246,-0.03607675858942137,0.9965782251807352
2024-10-01 13:37:00,XRP,"XRP, Ripple",-1.6619558630351796,-1.592609711834955,1.0001645229305718
2024-10-01 13:38:00,XRP,"XRP, Ripple",-0.905826985836029,0.7561288771991506,0.9879971791653153
2024-10-01 13:40:00,XRP,XRP,-1.9114623216726658,-1.0056353358366368,0.9954424824676996
2024-10-01 13:40:00,XRP,"XRP, Ripple",-1.9535582984426445,-0.04209597676997867,1.004691848469705
2024-10-01 13:41:00,XRP,"XRP, Ripple",-0.8627804545024819,1.0907778439401628,1.0043686767432904
2024-10-01 13:43:00,XRP,XRP,-1.1388302674422597,-0.2760498129397778,0.994879021301156
2024-10-01 13:55:00,XRP,XRP,-0.5778203692870201,0.5610098981552396,0.9788291463744938
2024-10-01 13:56:00,XRP,XRP,-0.510658061939819,0.06716230734720108,0.9831472643231173
2024-10-01 14:02:00,XRP,XRP,-1.8312026094820657,-1.3205445475422466,0.9329242114738866
2024-10-01 14:06:00,XRP,"XRP, Ripple",-0.4877415228615612,1.3434610866205046,0.9221426923373753
2024-10-01 14:11:00,XRP,XRP,-1.2350082708470704,-0.7472667479855093,0.9154504290623957
2024-10-01 14:11:00,XRP,"XRP, Ripple",-0.6469215366652388,0.5880867341818317,0.9183969884429406
2024-10-01 14:13:00,XRP,"XRP, Ripple",-0.8037227335319695,-0.15680119686673077,0.9111929239450746
2024-10-01 14:16:00,XRP,XRP,-1.4063420680580156,-0.6026193345260461,0.9133787625569517
2024-10-01 14:18:00,XRP,XRP,-0.6003387071765683,0.8060033608814473,0.8790371968365739
2024-10-01 14:28:00,XRP,XRP,-2.2103142883451925,-1.6099755811686243,0.8886027044121959
2024-10-01 14:34:00,XRP,XRP,-1.1821534415802606,1.028160846764932,0.8886930927716494
2024-10-01 14:34:00,XRP,"XRP, Ripple",-0.46374448727035494,0.7184089543099057,0.8922550144870792
2024-10-01 14:37:00,XRP,XRP,-0.6735037544588328,-0.20975926718847787,0.8914551355250682
2024-10-01 14:43:00,XRP,XRP,-1.397179172259449,-0.7236754178006163,0.8931412531555573
2024-10-01 14:50:00,XRP,XRP,-1.0943364765226562,0.3028426957367929,0.7777124375192872
2024-10-01 14:51:00,XRP,XRP,-0.7709788648413893,0.32335761168126687,0.7500128827823849
2024-10-01 14:52:00,XRP,XRP,-3.2041973791806453,-2.4332185143392557,0.8501586038475518
2024-10-01 15:01:00,XRP,XRP,-0.6064423478950298,2.5977550312856152,0.7773106231762608
2024-10-01 15:02:00,XRP,XRP,-1.7526905201475327,-1.1462481722525029,0.7874072246859879
2024-10-01 15:08:00,XRP,XRP,-0.2757022382996829,1.47698828184785,0.7947545176860531
2024-10-01 15:16:00,XRP,XRP,-0.9813462603737356,-0.7056440220740527,0.7901339992626992
2024-10-01 15:23:00,XRP,XRP,-0.9467723654746117,0.03457389489912388,0.6947682727788032
2024-10-01 15:31:00,XRP,XRP,-0.5876395318323518,0.3591328336422599,0.6731923249299657
2024-10-01 15:34:00,XRP,XRP,-0.9611877254389638,-0.37354819360661196,0.6456162874764853
2024-10-01 15:40:00,XRP,XRP,-0.7817301154136658,0.17945761002529803,0.6401821077617734
2024-10-01 15:41:00,XRP,XRP,-1.004018646946376,-0.22228853153271033,0.6394476543882399
2024-10-01 15:42:00,XRP,XRP,-1.5353182256911981,-0.531299578744822,0.6264491601677412
2024-10-01 15:48:00,XRP,XRP,-0.950479716761931,0.5848385089292671,0.6047649814130515
2024-10-01 15:49:00,XRP,XRP,-1.926139261745162,-0.975659544983231,0.6242981510617756
2024-10-01 15:52:00,XRP,XRP,-1.3457565330099552,0.5803827287352068,0.6260561465880797
2024-10-01 15:54:00,XRP,XRP,-1.8630281569362246,-0.5172716239262694,0.6336056017625168
2024-10-01 15:56:00,XRP,XRP,-2.2080021148844065,-0.34497395794818186,0.6515033193388757
2024-10-01 16:01:00,XRP,XRP,-1.4493429671679945,0.758659147716412,0.6422310816357494
2024-10-01 16:06:00,XRP,XRP,-0.5988279491967261,0.8505150179712684,0.6384205944285701
2024-10-01 16:27:00,XRP,XRP,-0.7005795057264527,-0.10175155652972656,0.6443224976062345
2024-10-01 16:33:00,XRP,XRP,-0.5930563554573439,0.10752315026910875,0.6458870968507724
2024-10-01 16:34:00,XRP,XRP,-0.8895933628082275,-0.2965370073508836,0.6444309428042372
2024-10-01 17:08:00,XRP,XRP,-1.085482686468555,-0.1958893236603274,0.6429544164902031
2024-10-01 17:14:00,XRP,"XRP, Ripple",-2.1129381293555602,-1.0274554428870053,0.6571377939491133
2024-10-01 17:22:00,XRP,XRP,-0.3499528097042418,1.7629853196513183,0.646701558796878
2024-10-01 17:24:00,XRP,XRP,-1.2354305080159382,-0.8854776983116964,0.646885710115057
2024-10-01 17:25:00,XRP,XRP,-0.4107617789617904,0.8246687290541479,0.6488785923700147
2024-10-01 17:48:00,XRP,XRP,-0.543697574082951,-0.13293579512116066,0.6525402701947219
2024-10-01 17:54:00,XRP,XRP,-0.8846535095365748,-0.3409559354536238,0.6522502788282716
2024-10-01 17:55:00,XRP,XRP,-0.05945638495686596,0.8251971245797088,0.6805001367189233
2024-10-01 17:56:00,XRP,XRP,-1.284832632190168,-1.225376247233302,0.6787316075805688
2024-10-01 17:57:00,XRP,XRP,-0.5869826679627014,0.6978499642274666,0.5567563814262981
2024-10-01 17:58:00,XRP,XRP,-0.7113311992788183,-0.1243485313161169,0.5544132842472681
2024-10-01 18:00:00,XRP,XRP,-0.5770945510303989,0.1342366482484194,0.5422946840298006
2024-10-01 18:12:00,XRP,XRP,-0.9068057098943917,-0.3297111588639928,0.525971586043103
2024-10-01 18:17:00,XRP,XRP,-0.5083920190285546,0.3984136908658371,0.5336565193589987
2024-10-01 18:31:00,XRP,XRP,-0.5937458580122592,-0.08535383898370463,0.5384368580674472
2024-10-01 18:39:00,XRP,Ripple,-0.7941530053309059,-0.20040714731864673,0.5346220282187285
2024-10-01 18:46:00,XRP,XRP,2.0388376570496836,2.8329906623805896,0.768167926180697
2024-10-01 18:47:00,XRP,"XRP, Ripple",0.8325096781315998,-1.2063279789180839,0.8295039375127855
2024-10-01 18:48:00,XRP,"XRP, Ripple",-0.46354225136608807,-1.296051929497688,0.8314151335132901
2024-10-01 18:59:00,XRP,XRP,-0.9644395157027936,-0.5008972643367056,0.8207042654726271
2024-10-01 19:07:00,XRP,XRP,-0.7487733780370543,0.21566613766573928,0.8201779468380095
2024-10-01 19:08:00,XRP,Ripple,-1.3488619242932474,-0.600088546256193,0.7989595004904286
2024-10-01 19:15:00,XRP,XRP,-1.2130641672442242,0.1357977570490232,0.7959949845848747
2024-10-01 19:26:00,XRP,XRP,-1.6803337151527524,-0.46726954790852826,0.7879272544286042
2024-10-01 19:33:00,XRP,Ripple,-1.4685773309290895,0.21175638422366294,0.7516179116594071
2024-10-01 19:56:00,XRP,XRP,-0.6567356451652333,0.8118416857638562,0.739281489126058
2024-10-01 19:59:00,XRP,XRP,-1.427831929219364,-0.7710962840541307,0.7506457837753079
2024-10-01 20:19:00,XRP,XRP,-0.831263271578547,0.596568657640817,0.7508423748556918
2024-10-01 20:20:00,XRP,Ripple,-0.6130411463893112,0.21822212518923578,0.7507206337999288
2024-10-01 20:25:00,XRP,XRP,-1.6147320174682567,-1.0016908710789454,0.7673261628173411
2024-10-01 20:28:00,XRP,XRP,-3.749697608572931,-2.1349655911046743,0.9408297451546488
2024-10-01 20:38:00,cryptocurrency,XRP,-2.819736896362255,0.9299607122106761,0.9815413713793312
2024-10-01 20:40:00,cryptocurrency,XRP,-1.5608167472558008,1.2589201491064541,0.9842028937176803
2024-10-01 20:41:00,XRP,XRP,-1.2903564221589605,0.27046032509684026,0.9848744012663814
2024-10-01 20:42:00,XRP,XRP,-0.5724636173688317,0.7178928047901288,0.9824605937705188
2024-10-01 20:46:00,XRP,XRP,-0.5759029084999046,-0.0034392911310728858,0.9820525957273257
2024-10-01 20:48:00,XRP,XRP,-0.9383420964326312,-0.36243918793272667,0.9820326014137915
2024-10-01 21:00:00,XRP,XRP,-2.2191257248152723,-1.280783628382641,0.9956114162065935
2024-10-01 21:01:00,XRP,XRP,-2.129957769235676,0.08916795557959611,1.01584617173878
2024-10-01 21:03:00,XRP,XRP,-1.4739169651588766,0.6560408040767995,1.015620619792165
2024-10-01 21:03:00,cryptocurrency,XRP,-1.5205958587778807,-0.046678893619004125,1.0169867340995438
2024-10-01 21:25:00,XRP,XRP,-0.6097896309854892,0.9108062277923915,1.0164469301251209
2024-10-01 21:32:00,XRP,XRP,-0.5867615511987306,0.023028079786758582,1.0200092068005497
2024-10-01 21:33:00,XRP,XRP,-0.7892605893725205,-0.2024990381737899,1.0159564666349514
2024-10-01 21:43:00,XRP,XRP,-1.3067935430989737,-0.5175329537264531,1.0125359283281123
2024-10-01 21:45:00,XRP,XRP,-1.843142591121377,-0.5363490480224034,1.0195817360252193
2024-10-01 21:49:00,XRP,XRP,-0.5890620827323962,1.2540805083889808,0.8330368262479472
2024-10-01 21:53:00,cryptocurrency,XRP,-0.292492080941443,0.2965700017909532,0.7592366147938187
2024-10-01 22:05:00,cryptocurrency,XRP,-0.860171377658844,-0.5676792967174009,0.7482027297779178
2024-10-01 22:07:00,XRP,XRP,-0.5973468552371626,0.2628245224216814,0.7564393273368429
2024-10-01 22:20:00,XRP,XRP,-0.5625683116628127,0.03477854357434984,0.7615618364215674
2024-10-01 22:25:00,XRP,XRP,-0.6085949311604258,-0.04602661949761311,0.7704601485870859
2024-10-01 22:29:00,cryptocurrency,XRP,-0.6299580445040232,-0.021363113343597306,0.7783065114099659
2024-10-01 22:40:00,cryptocurrency,XRP,-0.8034418821334839,-0.17348383762946074,0.7766526849327542
2024-10-01 22:51:00,XRP,XRP,-0.20250618563271494,0.600935696500769,0.7948824299180757
2024-10-01 22:52:00,XRP,XRP,-0.9969365949394142,-0.7944304093066993,0.7901251790117646
2024-10-01 22:58:00,XRP,XRP,-1.5108286739717247,-0.5138920790323105,0.7912619360348665
2024-10-01 23:14:00,XRP,XRP,-0.9180219379631139,0.5928067360086108,0.7901894887647265
2024-10-01 23:18:00,XRP,XRP,-0.6003982831058743,0.31762365485723965,0.7904943169344752
2024-10-01 23:20:00,XRP,XRP,-2.485363702641225,-1.884965419535351,0.8231064608961729
2024-10-01 23:21:00,XRP,XRP,-1.1886054801730837,1.2967582224681415,0.6661115176836606
2024-10-01 23:23:00,XRP,XRP,-0.6648975721674938,0.5237079080055899,0.5859396857497245
2024-10-01 23:24:00,XRP,XRP,-0.2739671304528462,0.3909304417146476,0.5928741268880161
2024-10-01 23:25:00,XRP,XRP,-0.911087691783905,-0.6371205613310589,0.590243466946727
2024-10-01 23:40:00,XRP,XRP,-0.6267493367195129,0.2843383550643921,0.5890475477393002
2024-10-01 23:45:00,cryptocurrency,XRP,-1.8183022759788556,-1.1915529392593427,0.6033597471641707
2024-10-01 23:46:00,cryptocurrency,XRP,-1.6321735011346126,0.18612877484424306,0.6133903882658132
2024-10-02 00:00:00,XRP,XRP,-1.2604793493185353,0.37169415181607723,0.5736213192532318
2024-10-02 00:04:00,cryptocurrency,XRP,-0.48179110884666443,0.7786882404718709,0.5406162355650891
2024-10-02 00:13:00,cryptocurrency,XRP,-0.8799055218696594,-0.398114413022995,0.5317555836331173
2024-10-02 00:14:00,cryptocurrency,XRP,-0.8751583695411682,0.004747152328491211,0.52017947830356
2024-10-02 00:25:00,cryptocurrency,XRP,-1.8750687892653086,-0.9999104197241404,0.5453848025357819
2024-10-02 00:27:00,XRP,XRP,-0.36620076037693805,1.5088680288883705,0.5519769295220553
2024-10-02 00:28:00,XRP,XRP,-1.49429331365485,-1.128092553277912,0.5599204564285767
2024-10-02 00:41:00,cryptocurrency,XRP,-1.4821063785286606,0.012186935126189402,0.5644331022823752
2024-10-02 00:47:00,cryptocurrency,XRP,-0.758509635925293,0.7235967426033676,0.5413533860919784
2024-10-02 00:50:00,XRP,XRP,-0.8461230428084682,-0.0876134068831752,0.5376028759974794
2024-10-02 00:53:00,XRP,XRP,-0.5951507674963441,0.25097227531212407,0.5275824805939431
2024-10-02 00:54:00,XRP,XRP,-0.9388561332350449,-0.3437053657387008,0.527263419488872
2024-10-02 01:00:00,XRP,XRP,-1.1446159476319155,-0.20575981439687063,0.5236365385603514
2024-10-02 01:02:00,XRP,XRP,-0.837122225657006,0.30749372197490954,0.5184431563902279
2024-10-02 01:20:00,cryptocurrency,XRP,-0.8630152344703674,-0.02589300881336143,0.5140471991196901
2024-10-02 01:23:00,XRP,XRP,-0.4486818992798489,0.4143333351905185,0.5195672187963715
2024-10-02 01:50:00,XRP,Ripple,-2.9972710127903044,-2.5485891135104555,0.6338362485285082
2024-10-02 01:50:00,XRP,XRP,-0.8630241799774607,2.1342468328128437,0.6139750095685642
2024-10-02 01:54:00,XRP,XRP,-0.5553944939007914,0.3076296860766693,0.621475320712758
2024-10-02 02:03:00,XRP,Ripple,-0.8545212909591902,-0.29912679705839873,0.6170713673243905
2024-10-02 02:06:00,XRP,XRP,-0.5976548983223953,0.2568663926367949,0.6222068339983278
2024-10-02 02:20:00,cryptocurrency,XRP,-0.8351145386695862,-0.23745964034719091,0.617942441107771
2024-10-02 02:22:00,XRP,XRP,-2.4579699378008093,-1.6228553991312231,0.6157621914802222
2024-10-02 02:31:00,XRP,XRP,-0.6168034605673685,1.8411664772334408,0.6200771390045615
2024-10-02 02:34:00,XRP,XRP,-1.7218590577936206,-1.1050555972262521,0.62867912793335
2024-10-02 02:38:00,XRP,Ripple,-0.7782389598213282,0.9436200979722924,0.6133932697244814
2024-10-02 02:43:00,XRP,XRP,-1.5230485629673178,-0.7448096031459897,0.6177273410943707
2024-10-02 02:45:00,XRP,XRP,-0.4150677252675387,1.107980837699779,0.6245012643296973
2024-10-02 02:46:00,XRP,XRP,-2.4245948853836965,-2.009527160116158,0.6576848319080737
2024-10-02 02:47:00,XRP,XRP,-0.9215228765960024,1.503072008787694,0.6511430681855439
2024-10-02 02:49:00,XRP,XRP,-0.9469379704521027,-0.0254150938561003,0.6508336754102754
2024-10-02 02:54:00,XRP,XRP,-1.0869354797959585,-0.1399975093438558,0.6409613971583632
2024-10-02 02:58:00,XRP,XRP,-0.8388608180603349,0.24807466173562365,0.6414910407074949
2024-10-02 03:02:00,XRP,XRP,-0.5814684653742043,0.2573923526861306,0.6472346845261335
2024-10-02 03:06:00,XRP,XRP,-1.3311376495964187,-0.7496691842222144,0.6318879748901667
2024-10-02 03:17:00,XRP,XRP,-0.8807140525967811,0.4504235969996375,0.6189563946593314
2024-10-02 03:27:00,XRP,XRP,-1.2948183877636212,-0.4141043351668401,0.615501807253264
2024-10-02 03:47:00,XRP,XRP,-2.3950550634643073,-1.100236675700686,0.6571639452822106
2024-10-02 03:48:00,cryptocurrency,XRP,1.1187160161308596,3.513771079595167,0.7713959876939945
2024-10-02 03:52:00,XRP,XRP,-1.0054652840213985,-2.124181300152258,0.7704982891074716
2024-10-02 04:08:00,XRP,XRP,-2.3079307917949334,-1.302465507773535,0.7982519644615818
2024-10-02 04:13:00,cryptocurrency,"XRP, Ripple",0.6298190418922488,2.937749833687182,0.8590158682984056
2024-10-02 04:15:00,XRP,XRP,-0.4539496591372016,-1.0837687010294503,0.8658757835306979
2024-10-02 04:17:00,XRP,XRP,-0.5919708093113557,-0.13802115017415412,0.868970532169196
2024-10-02 04:17:00,cryptocurrency,"XRP, Ripple",-1.728210063945763,-1.1362392546344071,0.8776197723120382
2024-10-02 04:27:00,cryptocurrency,XRP,-1.5411859291822487,0.1870241347635142,0.8741733275982041
2024-10-02 04:30:00,cryptocurrency,"XRP, Ripple",-0.15583369135856628,1.3853522378236824,0.8125237380030538
2024-10-02 04:34:00,XRP,Ripple,-1.633020429104254,-1.4771867377456878,0.8202198868693665
2024-10-02 04:42:00,cryptocurrency,"XRP, Ripple",0.9237908875558418,2.556811316660096,0.8907975913497942
2024-10-02 05:19:00,XRP,XRP,-1.825182299877207,-2.748973187433049,0.9038068230513768
2024-10-02 06:01:00,XRP,XRP,-0.9477199612157238,0.8774623386614832,0.9005900425312092
2024-10-02 06:06:00,XRP,XRP,-0.18405580539870886,0.763664155817015,0.9129324639714959
2024-10-02 06:11:00,cryptocurrency,"XRP, Ripple",-0.8629937767982483,-0.6789379713995394,0.8703827942023677
2024-10-02 06:17:00,XRP,XRP,-0.5921656911827402,0.2708280856155081,0.8707138039204307
2024-10-02 06:43:00,XRP,XRP,-0.39398487501384816,0.19818081616889205,0.8634898897915047
2024-10-02 06:43:00,cryptocurrency,XRP,-0.7882189154624939,-0.39423404044864574,0.8634436861134575
2024-10-02 06:50:00,XRP,XRP,-0.21764766421754123,0.5705712512449527,0.8638199691156653
2024-10-02 07:12:00,XRP,XRP,-1.2581271192306982,-1.0404794550131569,0.862699764151151
2024-10-02 07:22:00,XRP,XRP,-0.35651971317950504,0.9016074060511932,0.8167461320109557
2024-10-02 07:24:00,XRP,XRP,-0.6501836180686951,-0.29366390488919003,0.8170279128324615
2024-10-02 07:49:00,XRP,XRP,-1.9723623816656781,-1.322178763596983,0.8441304536645154
2024-10-02 08:01:00,XRP,XRP,-0.21347365149228448,1.7588887301733935,0.8503641198808268
2024-10-02 08:05:00,XRP,XRP,-0.5460679276142083,-0.3325942761219238,0.8517124492372475
2024-10-02 08:37:00,cryptocurrency,XRP,-0.7707549333572388,-0.22468700574303047,0.8507287965840378
2024-10-02 08:38:00,XRP,XRP,0.5352407667864856,1.3059957001437243,0.8788955918547645
2024-10-02 09:22:00,XRP,XRP,-0.5520832373084976,-1.0873240040949832,0.8791980103982578
2024-10-02 09:35:00,XRP,XRP,-0.07438264777495707,0.47770058953354055,0.8806060385656891
2024-10-02 10:34:00,XRP,XRP,-0.9858299294403312,-0.9114472816653741,0.8223824634427495
2024-10-02 10:52:00,XRP,XRP,-0.6660481585179043,0.3197817709224269,0.7517906450705272
2024-10-02 11:09:00,XRP,XRP,-0.6279152149863199,0.03813294353158447,0.7497658581672935
2024-10-02 11:12:00,XRP,XRP,-0.5987879977933704,0.029127217192949417,0.6850114483549876
2024-10-02 11:12:00,XRP,"XRP, Ripple",-0.5107794355686907,0.08800856222467979,0.6426370556044687
2024-10-02 11:28:00,XRP,XRP,-0.6238545493914729,-0.11307511382278224,0.6413721279453753
2024-10-02 11:39:00,cryptocurrency,XRP,-0.8719264268875122,-0.24807187749603932,0.6420782347175955
2024-10-02 11:51:00,XRP,XRP,-0.8737809658050537,-0.001854538917541504,0.6127010927469605
2024-10-02 12:20:00,XRP,XRP,-0.9737361823158234,-0.09995521651076966,0.5930412874732446
2024-10-02 12:33:00,XRP,XRP,-0.6230795665329973,0.35065661578282603,0.585918149904428
2024-10-02 12:37:00,XRP,XRP,-0.6810354654957335,-0.05795589896273612,0.5563143152819309
2024-10-02 12:38:00,XRP,XRP,-0.5440764307207707,0.13695903477496274,0.47371469079490575
2024-10-02 12:41:00,XRP,XRP,-0.6241820517434901,-0.08010562102271934,0.42097868452900544
2024-10-02 12:43:00,XRP,XRP,-0.5559712483897733,0.06821080335371676,0.4170015573810464
2024-10-02 12:52:00,XRP,XRP,-0.6231914883031012,-0.06722023991332793,0.4087252065425124
2024-10-02 13:02:00,XRP,XRP,-1.1742990768109323,-0.551107588507831,0.41850596247172084
2024-10-02 13:10:00,XRP,XRP,-0.3958981630070248,0.7784009138039074,0.4209194020544355
2024-10-02 13:24:00,XRP,XRP,-1.2347505491778534,-0.8388523861708286,0.43179404014130196
2024-10-02 13:37:00,XRP,XRP,-0.1564507387393507,1.0782998104385026,0.4410583046433825
2024-10-02 13:40:00,XRP,XRP,-1.656528223141126,-1.5000774844017752,0.4699994417841155
2024-10-02 13:51:00,cryptocurrency,"XRP, Ripple",-0.777913510799408,0.8786147123417181,0.4582014073282556
2024-10-02 13:52:00,XRP,XRP,-1.0098524080534128,-0.23193889725400485,0.45785430384523595
2024-10-02 13:56:00,XRP,XRP,-0.9596300302216622,0.05022237783175065,0.46014690416099235
2024-10-02 13:57:00,cryptocurrency,XRP,-1.3202958542596057,-0.36066582403794356,0.4113449754435963
2024-10-02 14:02:00,cryptocurrency,XRP,-0.8657170534133911,0.4545788008462146,0.4024464474582546
2024-10-02 14:04:00,XRP,XRP,-0.42146916820902897,0.44424788520436215,0.4048478624726172
2024-10-02 14:18:00,XRP,XRP,0.4641653197363126,0.8856344879453415,0.45752785889252234
2024-10-02 14:21:00,XRP,XRP,-1.1076809586685514,-1.571846278404864,0.40395909181879247
2024-10-02 14:28:00,cryptocurrency,XRP,-0.7005066871643066,0.4071742715042448,0.40272726042749474
2024-10-02 14:34:00,XRP,XRP,-0.507721479962926,0.1927852072013806,0.38597846165796595
2024-10-02 14:39:00,XRP,XRP,-0.4034745693206787,0.10424691064224734,0.3878434493371208
2024-10-02 14:39:00,cryptocurrency,XRP,-1.4348058923071647,-1.031331322986486,0.40891944769030636
2024-10-02 14:42:00,cryptocurrency,XRP,-0.49296215176582336,0.9418437405413413,0.4110059841849396
2024-10-02 14:43:00,XRP,XRP,-0.24997754207339415,0.24298460969242922,0.4200318927639119
2024-10-02 14:58:00,XRP,XRP,-0.6639390220509808,-0.4139614799775866,0.4181974942799258
2024-10-02 15:15:00,XRP,XRP,-1.4843886870562055,-0.8204496650052248,0.43925866395366125
2024-10-02 15:19:00,XRP,XRP,-4.116570967196279,-2.632182280140073,0.7536476591906357
2024-10-02 15:28:00,XRP,XRP,-0.9115967154502869,3.204974251745992,0.7536818039278175
2024-10-02 15:29:00,XRP,XRP,-0.5895897552491065,0.32200696020118036,0.7551833605142622
2024-10-02 15:34:00,XRP,XRP,-1.8903988155317861,-1.3008090602826796,0.7765714429010996
2024-10-02 15:37:00,XRP,XRP,-0.06962117552757263,1.8207776400042135,0.7904964172132107
2024-10-02 15:37:00,XRP,"XRP, Ripple",-0.3418750036473662,-0.2722538281197936,0.7943353957796694
2024-10-02 15:40:00,XRP,XRP,-0.2524319428526072,0.089443060794759,0.8012670810075672
2024-10-02 15:42:00,XRP,XRP,-1.085356428840568,-0.8329244859879608,0.8000890405779961
2024-10-02 15:46:00,XRP,XRP,-2.6259238372167704,-1.5405674083762024,0.8591916093637072
2024-10-02 15:50:00,XRP,XRP,-1.6366803884367531,0.9892434487800172,0.8674997276252678
2024-10-02 15:53:00,XRP,XRP,-1.2269622152074429,0.40971817322931026,0.8620069113933797
2024-10-02 15:56:00,cryptocurrency,XRP,-0.8798442499411809,0.34711796526626193,0.860981509772711
2024-10-02 16:04:00,XRP,XRP,-0.7294012583512797,0.15044299158990126,0.8483640706273408
2024-10-02 16:05:00,XRP,XRP,-0.6257506917461877,0.10365056660509198,0.8416329520485155
2024-10-02 16:07:00,XRP,XRP,-0.7461294413736158,-0.12037874962742812,0.8418951652088538
2024-10-02 16:14:00,XRP,XRP,-0.5498067509834701,0.19632269039014572,0.8451934004357204
2024-10-02 16:19:00,cryptocurrency,XRP,-0.8824558258056641,-0.33264907482219397,0.8452727906998377
2024-10-02 16:22:00,cryptocurrency,XRP,-1.0421158719312684,-0.15966004612560436,0.8425348916794001
2024-10-02 16:23:00,cryptocurrency,XRP,-0.5822617920000945,0.4598540799311739,0.8449327414204877
2024-10-02 16:24:00,XRP,XRP,-0.43480756878852844,0.1474542232115661,0.8446614257963783
2024-10-02 16:25:00,cryptocurrency,XRP,-0.48903748393058777,-0.054229915142059326,0.8076551528994582
2024-10-02 16:28:00,XRP,XRP,-0.6411601901054382,-0.15212270617485046,0.8091729418802414
2024-10-02 16:30:00,cryptocurrency,XRP,-0.2754510733762778,0.36570911672916045,0.8172449828698607
2024-10-02 16:32:00,cryptocurrency,XRP,-0.8268530368804932,-0.5514019635042153,0.8136447303435512
2024-10-02 16:38:00,XRP,XRP,-0.5473855456824887,0.2794674911980045,0.8107954190551044
2024-10-02 16:39:00,XRP,XRP,-0.8497856855392456,-0.30240013985675696,0.805607093403213
2024-10-02 16:44:00,XRP,XRP,-1.0758917997643702,-0.2261061142251246,0.801856337234028
2024-10-02 16:46:00,XRP,XRP,-2.5770546057359445,-1.5011628059715743,0.8438497418914962
2024-10-02 16:47:00,XRP,XRP,-0.8767794370651245,1.70027516867082,0.8416300878230235
2024-10-02 16:51:00,XRP,XRP,-1.2079710627434963,-0.3311916256783718,0.837975343704424
2024-10-02 17:20:00,XRP,XRP,-0.9084179881064163,0.29955307463708003,0.6000491531918914
2024-10-02 17:24:00,XRP,XRP,-0.7109395804153287,0.1974784076910876,0.6011782993300732
2024-10-02 17:58:00,XRP,Ripple,-0.8637353187894624,-0.15279573837413374,0.5982804305021049
2024-10-02 18:14:00,XRP,XRP,-0.755778684676828,0.10795663411263445,0.569677892547305
2024-10-02 18:19:00,XRP,XRP,-0.5737518951965845,0.18202678948024342,0.5522001057940401
2024-10-02 18:20:00,XRP,XRP,-0.5749483302428899,-0.0011964350463053997,0.5457654231274182
2024-10-02 18:22:00,XRP,XRP,-0.3735808347965718,0.20136749544631816,0.5412239439164158
2024-10-02 18:23:00,XRP,XRP,-0.961354640064359,-0.5877738052677872,0.5402785780456298
2024-10-02 18:24:00,XRP,XRP,-0.46957458791881374,0.49178005214554527,0.4364458066612431
2024-10-02 18:28:00,XRP,XRP,-0.8274354804156987,-0.35786089249688496,0.4090052561523813
2024-10-02 18:36:00,XRP,XRP,-0.5879873809744913,0.23944809944120737,0.4027490939830632
2024-10-02 18:40:00,XRP,XRP,-0.4309372376564118,0.15705014331807954,0.4072860903123314
2024-10-02 18:43:00,XRP,XRP,-0.6800594921037987,-0.2491222544473869,0.40754111114045793
2024-10-02 18:53:00,XRP,XRP,-0.5477736914098094,0.13228580069398932,0.4087066656290243
2024-10-02 18:56:00,XRP,XRP,-0.2239014222308247,0.32387226917898465,0.4203771374267552
2024-10-02 18:58:00,XRP,XRP,-0.36671661686328666,-0.14281519463246195,0.4246158276002515
2024-10-02 19:07:00,XRP,XRP,-1.7200574583896864,-1.3533408415263997,0.46041197526426036
2024-10-02 19:11:00,XRP,XRP,-0.8990971873342104,0.820960271055476,0.45819787981549814
2024-10-02 19:13:00,XRP,XRP,-0.5604284860356439,0.3386687012985665,0.4585104701553607
2024-10-02 19:14:00,XRP,XRP,-1.4453072062738828,-0.8848787202382389,0.470655396845671
2024-10-02 19:16:00,XRP,XRP,-0.934979575438498,0.5103276308353848,0.46769265443081215
2024-10-02 19:18:00,XRP,XRP,-1.766621490109281,-0.831641914670783,0.497861628280164
2024-10-02 19:20:00,XRP,XRP,-1.0616796651381122,0.7049418249711688,0.48730010900170995
2024-10-02 19:21:00,XRP,XRP,-0.6839317935446568,0.37774787159345535,0.4884696999543373
2024-10-02 19:30:00,XRP,XRP,-0.5438732858910914,0.14005850765356542,0.48854980547736515
2024-10-02 19:30:00,cryptocurrency,XRP,-0.8200769424438477,-0.27620365655275625,0.48861952644488355
2024-10-02 19:44:00,XRP,"XRP, Ripple",-1.7477686267225812,-0.9276916842787335,0.5132676880966429
2024-10-02 19:48:00,XRP,XRP,-0.9532231017093353,0.7945455250132458,0.4030098099240333
2024-10-02 19:49:00,cryptocurrency,XRP,-0.9000176078813094,0.053205493828025974,0.4031132989943387
2024-10-02 19:55:00,XRP,XRP,-0.7689821616115728,0.1310354462697365,0.3970953389367015
2024-10-02 20:11:00,XRP,XRP,-0.8272089113282654,-0.058226749716692505,0.39676326983773347
2024-10-02 20:14:00,XRP,XRP,-1.0971735330120487,-0.2699646216837833,0.399380579873146
2024-10-02 20:14:00,XRP,"XRP, Ripple",-0.4976022480871162,0.5995712849249325,0.4039537877944858
2024-10-02 20:17:00,cryptocurrency,XRP,-0.3828400860692708,0.11476216201784539,0.4116650384207934
2024-10-02 20:19:00,XRP,XRP,-0.7389404954301028,-0.356100409360832,0.40952810587699623
2024-10-02 20:19:00,cryptocurrency,XRP,-0.41265234381965615,0.3262881516104466,0.41383240836937246
2024-10-02 20:39:00,XRP,"XRP, Ripple",-0.8682688614571707,-0.4556165176375146,0.4057129395974943
2024-10-02 20:42:00,XRP,XRP,-0.5776860548999371,0.2905828065572337,0.407284944934093
2024-10-02 20:48:00,XRP,XRP,-0.8626866340637207,-0.28500057916378363,0.4021992639505512
2024-10-02 20:53:00,cryptocurrency,XRP,-0.7479611039161682,0.11472553014755249,0.4024411323176296
2024-10-02 21:02:00,XRP,XRP,-1.1051599300927872,-0.357198826176619,0.4031527417042804
2024-10-02 21:05:00,cryptocurrency,XRP,-0.6216114867327481,0.4835484433600391,0.39796536799677384
2024-10-02 21:07:00,XRP,XRP,-0.6093338048911529,0.012277681841595278,0.39918669052086314
2024-10-02 21:12:00,cryptocurrency,Ripple,-0.1927673659781063,0.41656643891304657,0.4132577730477263
2024-10-02 21:17:00,XRP,XRP,-0.518887948064124,-0.3261205820860177,0.40165408233350186
2024-10-02 21:19:00,XRP,XRP,-0.5884448397477696,-0.06955689168364565,0.39460160168285574
2024-10-02 21:20:00,XRP,XRP,-0.7993067972460618,-0.21086195749829217,0.358645298826056
2024-10-02 21:21:00,XRP,XRP,-0.5350029588467593,0.2643038383993025,0.3619452133205172
2024-10-02 21:28:00,XRP,XRP,-0.8928590724367399,-0.3578561135899806,0.35925658105636527
2024-10-02 21:29:00,XRP,"XRP, Ripple",-0.23903003125810673,0.6538290411786332,0.353947920229557
2024-10-02 21:31:00,XRP,"XRP, Ripple",-0.5719126846245214,-0.33288265336641465,0.35455067556018255
2024-10-02 21:37:00,XRP,XRP,-0.6265818627210685,-0.054669178096547144,0.3003915308592987
2024-10-02 21:47:00,XRP,XRP,-1.1778521488777256,-0.5512702861566571,0.3055663143202431
2024-10-02 22:05:00,XRP,XRP,-2.219401961092133,-1.0415498122144073,0.40871421975680666
2024-10-02 22:08:00,XRP,XRP,-0.9494719426996192,1.2699300183925137,0.4072884864846557
2024-10-02 22:10:00,Ripple,"XRP, Ripple",-0.1831598321734006,0.7663121105262186,0.4222624264899275
2024-10-02 22:16:00,XRP,XRP,-1.3270302154547924,-1.1438703832813917,0.3948986570091083
2024-10-02 22:19:00,XRP,XRP,-1.7436136471449968,-0.4165834316902044,0.43279787645102075
2024-10-02 22:27:00,XRP,XRP,-1.2569837015304526,0.4866299456145442,0.44086913082345397
2024-10-02 22:31:00,XRP,XRP,-0.9970234211836816,0.259960280346771,0.4423148621411428
2024-10-02 22:33:00,XRP,XRP,-0.34594873249630437,0.6510746886873773,0.45016231834090975
2024-10-02 22:34:00,XRP,XRP,-0.7991756585409481,-0.4532269260446437,0.4464129609321193
2024-10-02 22:38:00,Ripple,"XRP, Ripple",-0.54797939775656,0.25119626078438806,0.4454090786121248
2024-10-02 22:46:00,XRP,XRP,-1.5573429551644562,-1.0093635574078963,0.46053692851742434
2024-10-02 22:53:00,XRP,XRP,-2.7158944373086107,-1.1585514821441545,0.5755490642414078
2024-10-02 23:05:00,XRP,XRP,-0.8909738342785881,1.8249206030300225,0.5685563571001806
2024-10-02 23:06:00,XRP,XRP,-0.9909724583835107,-0.09999862410492255,0.5687443377079122
2024-10-02 23:08:00,XRP,"XRP, Ripple",-2.0406060449358225,-1.0496335865523119,0.6013679991621338
2024-10-02 23:09:00,XRP,XRP,-1.8618031923951084,0.17880285254071415,0.6233343307868177
2024-10-02 23:20:00,XRP,"XRP, Ripple",-1.1107380053489035,0.7510651870462048,0.6220251447829906
2024-10-02 23:25:00,XRP,"XRP, Ripple",-0.9099153148391851,0.20082269050971846,0.6219144161393411
2024-10-02 23:27:00,XRP,"XRP, Ripple",-0.8119223380442064,0.09799297679497865,0.6189479354920077
2024-10-02 23:30:00,XRP,"XRP, Ripple",-0.40880709354755645,0.40311524449665,0.624375772237758
2024-10-02 23:32:00,XRP,"XRP, Ripple",-0.7125580883809383,-0.3037509948333818,0.6083906257131751
2024-10-02 23:47:00,XRP,XRP,0.1713278336448348,0.8838859220257731,0.6398797193785161
2024-10-03 00:00:00,cryptocurrency,Ripple,-1.9455035610039657,-2.1168313946488007,0.6583581538057836
2024-10-03 00:06:00,XRP,XRP,-0.6053927043028328,1.3401108567011328,0.6616779701565647
2024-10-03 00:16:00,XRP,XRP,-2.5177805723511195,-1.9123878680482869,0.7082472067865236
2024-10-03 00:25:00,Ripple,"XRP, Ripple",-0.5439730611125019,1.9738075112386175,0.714482063197595
2024-10-03 00:25:00,XRP,XRP,-0.5329700645322645,0.0110029965802374,0.7044792676184262
2024-10-03 00:39:00,XRP,XRP,-0.38935479521751404,0.14361526931475044,0.7098860380581544
2024-10-03 00:42:00,XRP,XRP,-0.6355941887036979,-0.24623939348618384,0.7096872421798417
2024-10-03 00:46:00,cryptocurrency,Ripple,-1.6017340925535535,-0.9661399038498556,0.7157872218246375
2024-10-03 00:48:00,XRP,"XRP, Ripple",-0.8939130115876761,0.7078210809658774,0.6844950775774198
2024-10-03 00:53:00,cryptocurrency,Ripple,-0.44707122445106506,0.44684178713661105,0.6932613465041352
2024-10-03 00:55:00,XRP,XRP,-0.5674234606977112,-0.12035223624664615,0.6803428918584133
2024-10-03 01:09:00,XRP,XRP,-0.5586041808128357,0.00881927988487552,0.6840586189957181
2024-10-03 01:12:00,XRP,XRP,-0.5902069982337331,-0.03160281742089743,0.6746646896926385
2024-10-03 01:13:00,XRP,XRP,-0.42219285699643805,0.16801414123729508,0.6803464679044464
2024-10-03 01:24:00,XRP,XRP,-0.651142418384552,-0.22894956138811395,0.6826138582798598
2024-10-03 01:28:00,XRP,XRP,-0.9050767122529888,-0.2539342938684368,0.6731804969275421
2024-10-03 01:53:00,XRP,XRP,-1.4138549199847112,-0.5087782077317224,0.6772538365310389
2024-10-03 02:00:00,XRP,XRP,-1.409561723662596,0.0042931963221153335,0.676262208963221
2024-10-03 02:03:00,cryptocurrency,Ripple,-0.8905843496322632,0.5189773740303327,0.6687628658735715
2024-10-03 02:08:00,cryptocurrency,Ripple,-1.1807914484023758,-0.29020709877011264,0.5860426247433145
2024-10-03 02:09:00,cryptocurrency,Ripple,-2.1920158377934458,-1.01122438939107,0.6286988241896888
2024-10-03 02:17:00,cryptocurrency,Ripple,-0.4402174074321693,1.7517984303612764,0.6365317365175733
2024-10-03 02:19:00,XRP,XRP,-0.7075628183991615,-0.26734541096699216,0.6047609449048571
2024-10-03 02:21:00,cryptocurrency,Ripple,-2.8265166480332415,-2.11895382963408,0.6776617226159214
2024-10-03 02:27:00,XRP,"XRP, Ripple",-1.7856204273272913,1.0408962207059502,0.6940127278796717
2024-10-03 02:29:00,XRP,XRP,-1.1317301818367824,0.6538902454905089,0.6944487477431314
2024-10-03 02:30:00,XRP,"XRP, Ripple",-0.5785263564437336,0.5532038253930488,0.6977534468895552
2024-10-03 02:33:00,XRP,XRP,-0.15900268110783553,0.41952367533589807,0.7062092870970945
2024-10-03 02:34:00,cryptocurrency,Ripple,-2.274922199211738,-2.1159195181039023,0.7432924127278535
2024-10-03 02:51:00,cryptocurrency,Ripple,-0.8151669502258301,1.4597552489859078,0.7097952785538477
2024-10-03 02:52:00,cryptocurrency,Ripple,-1.627811643155954,-0.8126446929301239,0.6983098019757675
2024-10-03 02:59:00,cryptocurrency,Ripple,-0.789879322052002,0.837932321103952,0.6951263479326929
2024-10-03 03:00:00,cryptocurrency,Ripple,-1.2609761152324446,-0.4710967931804426,0.639199101519903
2024-10-03 03:22:00,cryptocurrency,Ripple,-0.7698483467102051,0.4911277685222395,0.634866936033236
2024-10-03 03:29:00,XRP,XRP,-1.5099023545965176,-0.7400540078863125,0.6343444966563028
2024-10-03 04:09:00,XRP,XRP,1.4767895751485287,2.9866919297450463,0.7766510667233039
2024-10-03 04:32:00,XRP,XRP,-0.4393391789097993,-1.916128754058328,0.7805156658795733
2024-10-03 04:39:00,cryptocurrency,Ripple,-1.6963227873420705,-1.2569836084322712,0.7833048401712229
2024-10-03 05:30:00,cryptocurrency,Ripple,-0.665959358215332,1.0303634291267385,0.785291571316741
2024-10-03 05:35:00,XRP,"XRP, Ripple",-1.8255380780411965,-1.1595787198258645,0.7936583163096291
2024-10-03 05:36:00,cryptocurrency,Ripple,-2.569539454957489,-0.7440013769162923,0.8372424864492259
2024-10-03 05:50:00,XRP,"XRP, Ripple",-1.9713822191560333,0.5981572358014555,0.8461784244386902
2024-10-03 06:14:00,XRP,"XRP, Ripple",-1.9367076198952817,0.03467459926075156,0.8520222983774723
2024-10-03 06:15:00,XRP,XRP,-0.8695972220517687,1.067110397843513,0.8421768111072111
2024-10-03 06:48:00,XRP,XRP,-0.9404605174001327,-0.070863295348364,0.837389664459207
2024-10-03 06:59:00,XRP,"XRP, Ripple",-1.4161867858184378,-0.4757262684183051,0.8363055873207516
2024-10-03 07:04:00,XRP,XRP,-1.2281018720795853,0.1880849137388525,0.8355128882571775
2024-10-03 07:22:00,XRP,XRP,-1.2564494353259572,-0.028347563246371887,0.8347471317474651
2024-10-03 07:23:00,XRP,XRP,-0.5728404082670777,0.6836090270588795,0.840923848437674
2024-10-03 07:23:00,XRP,"XRP, Ripple",-1.4847155477643945,-0.9118751394973168,0.8425293817190178
2024-10-03 07:39:00,XRP,"XRP, Ripple",-0.8451998720007703,0.6395156757636242,0.8240151695549708
2024-10-03 07:43:00,cryptocurrency,Ripple,0.32815500177800605,1.1733548737787762,0.8585066264050035
2024-10-03 07:45:00,XRP,"XRP, Ripple",-0.5102281723060486,-0.8383831740840546,0.8626671025013158
2024-10-03 08:01:00,XRP,"XRP, Ripple",-0.5351490479494125,-0.024920875643363982,0.8070910898908613
2024-10-03 08:11:00,XRP,"XRP, Ripple",-0.9258348129196603,-0.39068576497024776,0.7954486516020849
2024-10-03 08:45:00,cryptocurrency,Ripple,-0.6074861092937907,0.31834870362586964,0.7988140793509527
2024-10-03 08:49:00,XRP,XRP,-0.12379160265284302,0.48369450664094765,0.8114834030579726
2024-10-03 08:51:00,XRP,XRP,-3.1559779980227702,-3.0321863953699273,0.8861678193953849
2024-10-03 09:40:00,cryptocurrency,Ripple,-0.8611722891169257,2.2948057089058445,0.8583575369767941
2024-10-03 09:48:00,XRP,"XRP, Ripple",-1.5675155695498266,-0.706343280432901,0.8623353208007287
2024-10-03 09:52:00,XRP,XRP,-1.7569530149834072,-0.18943744543358054,0.8655221857756089
2024-10-03 10:02:00,XRP,XRP,-3.768699598486917,-2.01174658350351,0.9930119176660842
2024-10-03 10:06:00,XRP,XRP,-1.0445898842743346,2.7241097142125827,0.99315598957124
2024-10-03 10:07:00,XRP,XRP,-0.6940212643837115,0.35056861989062316,0.9943009763912021
2024-10-03 10:09:00,XRP,XRP,-2.6914647035227084,-1.9974434391389968,1.031120114706277
2024-10-03 10:10:00,XRP,XRP,-1.792118278834251,0.8993464246884575,0.9026437049418833
2024-10-03 10:23:00,XRP,XRP,-1.2938479167042902,0.4982703621299607,0.8874400145513321
2024-10-03 10:24:00,cryptocurrency,Ripple,-0.9381657082126745,0.3556822084916157,0.8878163168616844
2024-10-03 10:27:00,XRP,"XRP, Ripple",-0.8275728668128383,0.11059284139983627,0.8842102770053363
2024-10-03 10:46:00,XRP,XRP,-0.8308922648429871,-0.0033193980301488013,0.8833556852559257
2024-10-03 11:00:00,XRP,XRP,-0.9459886639783406,-0.11509639913535352,0.8513926816326554
2024-10-03 11:04:00,XRP,XRP,-0.6172023721866067,0.3287862917917339,0.8469184313394332
2024-10-03 11:08:00,XRP,XRP,-0.48144415162130894,0.13575822056529774,0.8443684768179449
2024-10-03 11:09:00,XRP,XRP,-0.014404873294368575,0.46703927832694037,0.8679825762291346
2024-10-03 11:10:00,XRP,XRP,-2.3123547699376688,-2.2979498966433,0.8943003514222442
2024-10-03 11:15:00,XRP,XRP,-0.3708020300182267,1.941552739919442,0.9042477946640536
2024-10-03 11:16:00,XRP,XRP,-1.2004047570384488,-0.8296027270202222,0.9041522163237394
2024-10-03 11:25:00,XRP,XRP,-0.5022206633668667,0.6981840936715822,0.9107840710904461
2024-10-03 11:26:00,XRP,XRP,-1.4407317246548508,-0.9385110612879841,0.9072995539882943
2024-10-03 11:28:00,XRP,XRP,-0.4650216927339927,0.975710031920858,0.912525250648131
2024-10-03 11:54:00,XRP,XRP,-1.211282565482522,-0.7462608727485291,0.911543038215596
2024-10-03 11:55:00,XRP,"XRP, Ripple",-1.136683004098039,0.07459956138448298,0.8704152643251953
2024-10-03 11:59:00,XRP,XRP,-0.6016687955732932,0.5350142085247457,0.8682400668837732
2024-10-03 12:06:00,XRP,XRP,-1.6802126344050354,-1.078543838831742,0.8651153746812489
2024-10-03 12:14:00,XRP,XRP,-0.773161206689966,0.9070514277150694,0.8672020400776298
2024-10-03 12:16:00,XRP,XRP,-0.28326548928614126,0.48989571740382476,0.8766836567020365
2024-10-03 12:18:00,XRP,XRP,-0.5522337470938387,-0.2689682578076974,0.8622647769965185
2024-10-03 12:19:00,XRP,XRP,-1.4278669237101114,-0.8756331766162727,0.7805036663976631
2024-10-03 12:20:00,XRP,XRP,-1.6332127816825341,-0.20534585797242277,0.7838457644683094
2024-10-03 12:24:00,XRP,XRP,-1.1804935963498453,0.45271918533268884,0.7801152535544859
2024-10-03 12:26:00,XRP,XRP,-1.5941711804407293,-0.41367758409088395,0.7762973713734079
2024-10-03 12:31:00,XRP,XRP,-0.7949007488018311,0.7992704316388981,0.5991889470476159
2024-10-03 12:44:00,XRP,XRP,-0.7432782263956587,0.05162252240617249,0.6017059222692297
2024-10-03 12:47:00,XRP,XRP,-1.1432896816627864,-0.4000114552671278,0.5985254572470071
2024-10-03 12:56:00,XRP,XRP,-0.5647113098965867,0.5785783717661998,0.5178301366703032
2024-10-03 13:00:00,XRP,XRP,-0.8625710606575012,-0.29785975076091453,0.49476117097244693
2024-10-03 13:02:00,XRP,XRP,-0.22720394074472175,0.6353671199127795,0.5071811234176834
2024-10-03 13:04:00,cryptocurrency,Ripple,-0.7851632237434387,-0.557959282998717,0.5076770722629588
2024-10-03 13:22:00,XRP,XRP,-1.436221812989141,-0.6510585892457024,0.5164864611710688
2024-10-03 13:26:00,XRP,XRP,-1.217160528818905,0.21906128417023618,0.518814759092238
2024-10-03 13:29:00,XRP,XRP,-1.7093614275590456,-0.4922008987401407,0.5375033153806839
2024-10-03 13:40:00,XRP,XRP,-0.46031664033652053,1.249044787222525,0.5417544650838372
2024-10-03 13:51:00,XRP,XRP,-0.7577632665634155,-0.297446626226895,0.5356488463324356
2024-10-03 13:59:00,XRP,XRP,-0.6332776546478271,0.12448561191558838,0.508847959293262
2024-10-03 14:01:00,XRP,XRP,-0.3616548180580139,0.27162283658981323,0.45593203564677626
2024-10-03 14:01:00,XRP,"XRP, Ripple",0.9399500821294556,1.3016049001874697,0.5614638451646881
2024-10-03 14:19:00,XRP,XRP,-0.4514719609488152,-1.3914220430782709,0.5634335368933189
2024-10-03 14:22:00,XRP,XRP,-0.8799088001251221,-0.42843683917630687,0.5594533222204893
2024-10-03 14:29:00,XRP,"XRP, Ripple",-2.8800727333258713,-2.0001639332007493,0.6624222615683941
2024-10-03 14:29:00,cryptocurrency,Ripple,-0.32593300966293315,2.554139723662938,0.666170307768134
2024-10-03 14:30:00,XRP,"XRP, Ripple",-0.09424802532011312,0.23168498434282003,0.6799568235976698
2024-10-03 14:33:00,XRP,"XRP, Ripple",-0.5539533100297921,-0.459705284709679,0.6805482170417583
2024-10-03 14:34:00,XRP,XRP,-0.5610414409142956,-0.007088130884503552,0.6811111921780736
2024-10-03 14:35:00,XRP,XRP,-0.6537765860557556,-0.09273514514145997,0.6637501460245041
2024-10-03 14:37:00,XRP,XRP,-0.5925291374033399,0.061247448652415715,0.6650083186002458
2024-10-03 14:40:00,XRP,XRP,-1.7902091894666956,-1.1976800520633557,0.6802723674933904
2024-10-03 14:40:00,XRP,"XRP, Ripple",0.8306258675220413,2.620835056988737,0.7458367536851503
2024-10-03 14:41:00,XRP,"XRP, Ripple",-0.8516796231269836,-1.682305490649025,0.7369609295374457
2024-10-03 14:49:00,cryptocurrency,Ripple,-0.9572291182012163,-0.10554949507423261,0.7207295048043736
2024-10-03 14:51:00,XRP,"XRP, Ripple",-1.264606022200121,-0.3073769039989047,0.7225169491264863
2024-10-03 14:57:00,XRP,"XRP, Ripple",-0.5758147014201068,0.6887913207800141,0.7066576831105835
2024-10-03 15:09:00,XRP,XRP,-0.10381923714441162,0.4719954642756952,0.7161846803824871
2024-10-03 15:10:00,XRP,"XRP, Ripple",-2.4271242521988796,-2.323305015054468,0.780943633192425
2024-10-03 15:17:00,cryptocurrency,Ripple,-0.7801185846328735,1.647005667566006,0.7779009466299909
2024-10-03 15:21:00,XRP,XRP,-0.5729795151699718,0.20713906946290173,0.7778285309034271
2024-10-03 15:24:00,XRP,XRP,-0.9728058084446521,-0.39982629327468033,0.7785577926094833
2024-10-03 15:26:00,XRP,XRP,-0.9197730571751953,0.053032751269456835,0.7721424234403561
2024-10-03 15:26:00,cryptocurrency,XRP,-0.5751072682456917,0.3446657889295036,0.7731706093770945
2024-10-03 15:28:00,XRP,"XRP, Ripple",-0.22897690304865578,0.3461303651970359,0.7695867898145045
2024-10-03 15:35:00,XRP,XRP,-0.6003428386557157,-0.3713659356070599,0.7647916208505142
2024-10-03 15:36:00,XRP,"XRP, Ripple",-0.9623563910472097,-0.362013552391494,0.7435194372207402
2024-10-03 15:37:00,XRP,"XRP, Ripple",-0.042158737778663635,0.9201976532685461,0.7520501283866239
2024-10-03 15:39:00,XRP,XRP,-0.7974654322927021,-0.7553066945140384,0.7522144585398068
2024-10-03 15:42:00,XRP,XRP,-1.1294226197931734,-0.3319571875004713,0.7564123559340018
2024-10-03 15:43:00,XRP,XRP,-0.06217422170616708,1.0672483980870062,0.7630406485431952
2024-10-03 15:44:00,XRP,XRP,-0.39525906449770826,-0.33308484279154116,0.7008186427084497
2024-10-03 15:48:00,XRP,"XRP, Ripple",-1.4013510327945673,-1.006091968296859,0.7087898260933874
2024-10-03 15:52:00,XRP,"XRP, Ripple",-0.4902388367470191,0.9111121960475481,0.7102887673148409
2024-10-03 15:53:00,XRP,XRP,-1.8782663784983733,-1.3880275417513541,0.6255647328697705
2024-10-03 15:54:00,XRP,"XRP, Ripple",-0.3218431345105139,1.5564232439878594,0.6256549902149966
2024-10-03 16:00:00,XRP,XRP,-1.0656256408718263,-0.7437825063613124,0.6170049305060532
2024-10-03 16:08:00,XRP,XRP,-0.4772671903530294,0.5883584505187969,0.6180313462130139
2024-10-03 16:11:00,XRP,XRP,-0.6249319688264376,-0.14766477847340825,0.6174532217753235
2024-10-03 16:12:00,XRP,XRP,-0.5831539034843445,0.04177806534209316,0.6179913967967873
2024-10-03 16:13:00,XRP,XRP,-0.5643004756101659,0.01885342787417854,0.6182668448856022
2024-10-03 16:13:00,XRP,"XRP, Ripple",-0.5173990567178752,0.046901418892290714,0.5875345257439414
2024-10-03 16:14:00,XRP,XRP,-0.5995212113976656,-0.08212215467979034,0.5112517348388769
2024-10-03 16:16:00,XRP,XRP,-0.5634075999259949,0.03611361147167069,0.5121406013557158
2024-10-03 16:17:00,XRP,"XRP, Ripple",-1.414502679146236,-0.8510950792202412,0.5252053291764206
2024-10-03 16:37:00,XRP,XRP,-1.2185289239385044,0.19597375520773164,0.5237554593359192
2024-10-03 16:45:00,XRP,XRP,-0.3564077087798181,0.8621212151586863,0.5279628202405329
2024-10-03 16:46:00,XRP,XRP,-0.6357758085270191,-0.279368099747201,0.514093188936498
2024-10-03 16:48:00,XRP,"XRP, Ripple",-0.588727763439786,0.04704804508723315,0.40887718529736655
2024-10-03 16:49:00,XRP,"XRP, Ripple",-0.5534983515460766,0.03522941189370932,0.4096553418280588
2024-10-03 16:50:00,XRP,"XRP, Ripple",-1.5039456957342197,-0.950447344188143,0.43394594418256277
2024-10-03 16:52:00,XRP,XRP,-0.5935116031445996,0.91043409258962,0.4322952819894149
2024-10-03 16:53:00,XRP,XRP,-0.9449580447504745,-0.3514464416058749,0.43271649070030477
2024-10-03 16:53:00,XRP,"XRP, Ripple",-0.47977503951031325,0.46518300524016126,0.43418767470435543
2024-10-03 16:55:00,XRP,XRP,-0.530827809964737,-0.051052770454423746,0.4258376407738909
2024-10-03 16:56:00,XRP,"XRP, Ripple",-0.07645971461948332,0.4543680953452537,0.441777053114598
2024-10-03 17:00:00,XRP,"XRP, Ripple",-0.6024312187351606,-0.5259715041156773,0.43963794625633856
2024-10-03 17:10:00,XRP,XRP,-0.5006661943376446,0.101765024397516,0.4236432232117149
2024-10-03 17:16:00,XRP,"XRP, Ripple",0.08012572066877159,0.5807919150064161,0.44743530904166645
2024-10-03 17:24:00,cryptocurrency,Ripple,-0.16690220351080146,-0.24702792417957303,0.4490837978022
2024-10-03 17:29:00,XRP,XRP,-0.6333411691802278,-0.46643896566942633,0.4349976999602345
2024-10-03 17:31:00,XRP,XRP,-0.23736950715917007,0.3959716620210577,0.43941197288286965
2024-10-03 17:31:00,cryptocurrency,XRP,-0.6203065177292396,-0.38293701057006957,0.4170417418026385
2024-10-03 17:33:00,XRP,XRP,-0.28306500926051203,0.3372415084687276,0.42133673993607
2024-10-03 17:35:00,cryptocurrency,XRP,-0.572538025308277,-0.289473016047765,0.34988411564522015
2024-10-03 17:37:00,cryptocurrency,XRP,-0.516530826375042,0.056007198933235025,0.3464954566516021
2024-10-03 17:38:00,XRP,XRP,-0.35860301153959856,0.15792781483544344,0.33753416548533755
2024-10-03 17:42:00,XRP,XRP,-0.31718138001450685,0.04142163152509171,0.34037971367195013
2024-10-03 17:44:00,XRP,Ripple,-1.658121372800658,-1.3409399927861512,0.39421615412364
2024-10-03 17:44:00,XRP,XRP,-0.9022476108502521,0.755873761950406,0.3979293807412246
2024-10-03 17:44:00,XRP,"XRP, Ripple",-0.3657842246492938,0.5364633862009582,0.4004331846003042
2024-10-03 17:45:00,XRP,XRP,-0.47861330888884634,-0.11282908423955257,0.40079736995485965
2024-10-03 17:46:00,cryptocurrency,XRP,-0.5631678306018969,-0.08455452171305056,0.4008739815005086
2024-10-03 17:50:00,XRP,XRP,-0.5778209063793093,-0.014653075777412372,0.4008307570876342
2024-10-03 17:50:00,XRP,"XRP, Ripple",-0.5403295922819629,0.037491314097346407,0.3706453210915788
2024-10-03 17:52:00,XRP,XRP,-0.551759866435628,-0.011430274153665154,0.35025384627039385
2024-10-03 17:53:00,XRP,Ripple,-0.5262055110945879,0.025554355341040114,0.3483114141513433
2024-10-03 17:55:00,XRP,"XRP, Ripple",-0.5663444009739844,-0.04013888987939651,0.34802118218297967
2024-10-03 18:00:00,XRP,Ripple,-0.603617283768806,-0.03727288279482155,0.3480775741145552
2024-10-03 18:02:00,XRP,"XRP, Ripple",-0.4042848591023583,0.19933242466644768,0.34921120601168454
